"","species","lon","lat","uncertainty","date","year","month"
"1","Richea continentis",148.7856,-35.5277,2000,"2006-12-13",NA,NA
"2","Richea continentis",147.5974101649,-37.0972766654,10000,"",NA,NA
"3","Richea continentis",148.2666666,-36.4333333,10000,"1979-01-01",1979,NA
"4","Richea continentis",148.2632266797,-36.4561579167,10000,"1910-01-01",1910,NA
"5","Richea continentis",145.879306,-37.48375,2000,"1983-01-01",1983,NA
"6","Richea continentis",147.2667,-36.75,10000,"",NA,NA
"7","Richea continentis",146.35,-37.8667,10000,"1892-01-01",1892,NA
"8","Richea continentis",147.9667,-37.2167,10000,"1882-01-01",1882,NA
"9","Richea continentis",146.75,-36.7667,10000,"",NA,NA
"10","Richea continentis",146.2667,-37.85,10000,"1889-01-01",1889,NA
"11","Richea continentis",146.776436,-36.710927,7000,"1970-01-01",1970,NA
"12","Richea continentis",148.15,-36.8667,25000,"",NA,NA
"13","Richea continentis",146.2667,-37.85,10000,"1895-01-01",1895,NA
"14","Richea continentis",145.879306,-37.48375,2000,"1983-01-01",1983,NA
"15","Richea continentis",146.75,-36.7667,10000,"1940-01-01",1940,NA
"16","Richea continentis",145.9167,-37.7,10000,"",NA,NA
"17","Richea continentis",146.35,-37.8667,10000,"1892-01-01",1892,NA
"18","Richea continentis",148.2666666,-36.4333333,10000,"1979-01-01",1979,NA
"19","Richea continentis",148.2666666,-36.4333333,10000,"1979-01-01",1979,NA
"20","Richea continentis",147.333318,-36.942829,5000,"1962-01-01",1962,NA
"21","Richea continentis",148.2667,-36.45,10000,"1954-01-01",1954,NA
"22","Richea continentis",146.6167,-37.4167,10000,"1887-01-01",1887,NA
"23","Richea continentis",145.879306,-37.48375,2000,"1983-01-01",1983,NA
"24","Richea continentis",148.4667,-36.1167,25000,"",NA,NA
"25","Richea continentis",146.4167,-37.1167,10000,"",NA,NA
"26","Richea continentis",147.6,-36.9,10000,"",NA,NA
"27","Richea continentis",148.4667,-36.1167,25000,"",NA,NA
"28","Richea continentis",148.15,-36.8667,10000,"",NA,NA
"29","Richea continentis",145.879306,-37.48375,2000,"1983-01-01",1983,NA
"30","Richea continentis",146.2667,-37.85,10000,"1892-01-01",1892,NA
"31","Richea continentis",146.2667,-37.8167,10000,"1895-01-01",1895,NA
"32","Richea continentis",147.6,-36.95,10000,"",NA,NA
"33","Richea continentis",148.2666666,-36.4333333,10000,"1979-01-01",1979,NA
"34","Richea continentis",146.35,-37.8667,10000,"",NA,NA
"35","Richea continentis",146.7768607334,-36.7470035015,1000,"1913-01-01",1913,NA
"36","Richea continentis",148.0167,-37.1,10000,"1884-01-01",1884,NA
"37","Richea continentis",146.4167,-37.1167,10000,"",NA,NA
"38","Richea continentis",146.786,-36.771,50,"2004-01-20",2004,1
"39","Richea continentis",148.2667,-36.45,25000,"1880-01-01",1880,1
"40","Richea continentis",148.05,-37,10000,"1971-01-19",1971,1
"41","Richea continentis",147.417924263,-36.9151353744,900,"1977-01-06",1977,1
"42","Richea continentis",146.8,-36.7167,5000,"1969-01-15",1969,1
"43","Richea continentis",148.767882887,-35.648446012,5000,"1912-01-15",1912,1
"44","Richea continentis",147.3667,-36.8667,10000,"1960-01-13",1960,1
"45","Richea continentis",148.405614004,-36.405401424,150,"2018-01-29",2018,1
"46","Richea continentis",147.3,-36.9,10000,"1966-01-19",1966,1
"47","Richea continentis",146.27,-37.83,2000,"1995-01-02",1995,1
"48","Richea continentis",146.8,-36.75,10000,"1947-01-05",1947,1
"49","Richea continentis",147.2855,-36.8713,500,"2000-01-11",2000,1
"50","Richea continentis",147.304,-36.885,500,"2000-01-11",2000,1
"51","Richea continentis",147.279,-36.918,50,"1998-01-21",1998,1
"52","Richea continentis",148.41278277,-36.40887272,10000,"2009-01-21",2009,1
"53","Richea continentis",146.7838,-36.6913,15,"1982-01-01",1982,1
"54","Richea continentis",148.29118,-36.48103,5,"2019-01-20",2019,1
"55","Richea continentis",147.3429,-36.8448,50,"1998-01-16",1998,1
"56","Richea continentis",147.291,-36.933,15,"1981-01-01",1981,1
"57","Richea continentis",146.75,-36.7667,10000,"1919-01-01",1919,1
"58","Richea continentis",146.2667,-37.8167,10000,"1966-01-22",1966,1
"59","Richea continentis",148.798977,-35.722738,1000,"1994-01-12",1994,1
"60","Richea continentis",148.27,-36.45,2000,"1900-01-01",1900,1
"61","Richea continentis",148.35,-36.38,NA,"1981-01-24",1981,1
"62","Richea continentis",148.7945435,-35.5742987,100,"1988-01-11",1988,1
"63","Richea continentis",147.333,-36.829,50,"1998-01-19",1998,1
"64","Richea continentis",146.6806,-37.2097,1000,"1981-01-06",1981,1
"65","Richea continentis",147.2612,-36.9276,50,"1998-01-18",1998,1
"66","Richea continentis",147.323734,-36.866642,1000,"1982-01-13",1982,1
"67","Richea continentis",148.35,-36.3833,10000,"1981-01-24",1981,1
"68","Richea continentis",146.7722,-36.7747,15,"1982-01-01",1982,1
"69","Richea continentis",148.3247,-36.42,3000,"1968-01-18",1968,1
"70","Richea continentis",147.2943,-36.9001,50,"2004-01-22",2004,1
"71","Richea continentis",147.255,-36.879,50,"2004-01-23",2004,1
"72","Richea continentis",148.8,-35.5667,2000,"1968-01-09",1968,1
"73","Richea continentis",148.317604,-36.498577,1000,"1980-01-16",1980,1
"74","Richea continentis",148.7981,-35.7242,1000,"1994-01-12",1994,1
"75","Richea continentis",147.2784403929,-36.8808579525,3866,"2011-01-16",2011,1
"76","Richea continentis",147.2505,-36.9011,15,"1981-01-01",1981,1
"77","Richea continentis",148.317603,-36.398577,1000,"1980-01-16",1980,1
"78","Richea continentis",146.3194,-37.8311,500,"1994-01-16",1994,1
"79","Richea continentis",147.3316,-36.8263,50,"2004-01-27",2004,1
"80","Richea continentis",148.8,-35.65,5000,"1961-01-17",1961,1
"81","Richea continentis",148.3219682773,-36.4298008763,31,"2018-01-21",2018,1
"82","Richea continentis",147.2908,-36.9133,50,"2004-01-22",2004,1
"83","Richea continentis",146.7717,-36.7339,1000,"1982-01-26",1982,1
"84","Richea continentis",146.8349,-37.5112,50,"1985-01-04",1985,1
"85","Richea continentis",147.2969,-36.8719,500,"2008-01-23",2008,1
"86","Richea continentis",148.0833,-37,10000,"1971-01-18",1971,1
"87","Richea continentis",146.7138,-37.4608,15,"1981-01-01",1981,1
"88","Richea continentis",147.2855,-36.9136,15,"1981-01-01",1981,1
"89","Richea continentis",147.24156,-36.899567,NA,"2014-01-25",2014,1
"90","Richea continentis",148.2667,-36.45,10000,"1884-01-01",1884,1
"91","Richea continentis",148.48,-36.03,10000,"1958-01-17",1958,1
"92","Richea continentis",148.1511,-36.8483,500,"1971-01-28",1971,1
"93","Richea continentis",146.8013,-36.7205,15,"1982-01-01",1982,1
"94","Richea continentis",147.3228,-36.8681,1000,"1982-01-13",1982,1
"95","Richea continentis",146.7902,-36.7413,15,"1982-01-01",1982,1
"96","Richea continentis",146.7881316667,-36.7657366667,NA,"2017-01-17",2017,1
"97","Richea continentis",148.0167,-37.0667,10000,"1971-01-22",1971,1
"98","Richea continentis",147.3038,-36.8844,500,"2000-01-11",2000,1
"99","Richea continentis",146.8,-36.75,10000,"1975-01-09",1975,1
"100","Richea continentis",148.7881,-35.5661,3000,"1961-01-10",1961,1
"101","Richea continentis",147.333,-36.829,50,"1998-01-20",1998,1
"102","Richea continentis",146.788131666667,-36.7657366666667,NA,"2017-01-16",2017,1
"103","Richea continentis",145.8666666667,-37.4833333333,NA,"1984-01-18",1984,1
"104","Richea continentis",148.8012155,-35.64844551,5000,"1961-01-17",1961,1
"105","Richea continentis",146.8,-36.75,10000,"1938-01-29",1938,1
"106","Richea continentis",146.2763,-37.8094,15,"1982-01-01",1982,1
"107","Richea continentis",147.3041,-36.8847,500,"2000-01-11",2000,1
"108","Richea continentis",147.268,-36.865,500,"1967-01-01",1967,1
"109","Richea continentis",147.0166666667,-37.0833333333,1000,"1971-01-22",1971,1
"110","Richea continentis",147.2667,-36.9167,10000,"1966-01-26",1966,1
"111","Richea continentis",148.7833,-35.5664,50,"2013-01-15",2013,1
"112","Richea continentis",147.2128,-36.9161,50,"2018-01-26",2018,1
"113","Richea continentis",147.2786,-36.9322,15,"1981-01-01",1981,1
"114","Richea continentis",146.8057,-36.7212,50,"2004-01-19",2004,1
"115","Richea continentis",148.267907494,-36.448454682,2000,"1924-01-01",1924,1
"116","Richea continentis",147.2,-37.0167,10000,"1952-01-20",1952,1
"117","Richea continentis",147.2146,-36.9137,50,"1998-01-19",1998,1
"118","Richea continentis",146.2625,-37.7997,15,"1982-01-01",1982,1
"119","Richea continentis",146.25,-37.79,15,"1982-01-01",1982,1
"120","Richea continentis",148.8,-35.65,10000,"1961-01-17",1961,1
"121","Richea continentis",146.3513,-37.8761,500,"1994-01-15",1994,1
"122","Richea continentis",147.2969,-36.9002,500,"2008-01-23",2008,1
"123","Richea continentis",147.3227,-36.8219,50,"2004-01-27",2004,1
"124","Richea continentis",148.306869062,-36.451446831,50,"2010-01-29",2010,1
"125","Richea continentis",147.2158,-36.9519,15,"1981-01-01",1981,1
"126","Richea continentis",148.7843221231,-35.6986512438,10000,"1954-01-16",1954,1
"127","Richea continentis",147.2794,-36.9205,15,"1981-01-01",1981,1
"128","Richea continentis",148.3,-36.4199999991,3000,"1981-01-22",1981,1
"129","Richea continentis",147.3432,-36.8437,50,"1998-01-16",1998,1
"130","Richea continentis",147.285,-36.915,1000,"1981-01-01",1981,1
"131","Richea continentis",147.2833,-36.9333,NA,"1970-01-25",1970,1
"132","Richea continentis",148.5167,-36.05,3000,"1966-01-17",1966,1
"133","Richea continentis",148.5,-36.0667,3000,"1966-01-20",1966,1
"134","Richea continentis",147.217918997,-36.7984714938,900,"1967-01-04",1967,1
"135","Richea continentis",146.8,-36.75,10000,"1950-01-01",1950,1
"136","Richea continentis",148.267907494,-36.448454682,2000,"1930-01-11",1930,1
"137","Richea continentis",148.32,-36.42,2000,"1969-01-23",1969,1
"138","Richea continentis",147.3346,-36.8651,50,"1998-01-17",1998,1
"139","Richea continentis",147.290481555556,-36.9055900555555,NA,"2015-01-26",2015,1
"140","Richea continentis",148.2666666667,-36.45,NA,"1953-01-01",1953,1
"141","Richea continentis",146.2667,-37.8167,10000,"1973-01-24",1973,1
"142","Richea continentis",148.684550285,-35.581780433,10000,"1961-01-10",1961,1
"143","Richea continentis",146.4667,-37.1167,10000,"1945-01-04",1945,1
"144","Richea continentis",148.39950851,-36.40868054,100,"2018-01-29",2018,1
"145","Richea continentis",147.3019,-36.9122,50,"2004-01-22",2004,1
"146","Richea continentis",148.3,-36.4166999991,1000,"1981-01-22",1981,1
"147","Richea continentis",148.263387637,-36.455773248,50,"2010-01-25",2010,1
"148","Richea continentis",146.2833,-37.8333,25000,"1977-01-22",1977,1
"149","Richea continentis",147.2915,-36.9109,50,"1998-01-15",1998,1
"150","Richea continentis",146.789017,-36.767802,NA,"2011-01-21",2011,1
"151","Richea continentis",147.2159,-36.9145,50,"1998-01-19",1998,1
"152","Richea continentis",148.775,-35.5833,1000,"1983-01-19",1983,1
"153","Richea continentis",146.3073333,-37.8341943991,50,"2015-01-02",2015,1
"154","Richea continentis",147.290481555556,-36.9055900555555,NA,"2015-01-25",2015,1
"155","Richea continentis",147.35,-36.9333,10000,"1972-01-06",1972,1
"156","Richea continentis",146.751,-37.215,500,"1973-01-01",1973,1
"157","Richea continentis",147.243,-36.923,15,"1981-01-01",1981,1
"158","Richea continentis",148.2831111111,-36.4783333333,4,"2018-01-11",2018,1
"159","Richea continentis",146.2638,-37.8094,15,"1982-01-01",1982,1
"160","Richea continentis",147.323,-36.822,50,"2004-01-27",2004,1
"161","Richea continentis",146.7667,-36.7833,3000,"1953-01-01",1953,1
"162","Richea continentis",148.29118,-36.48103,5,"2019-01-20",2019,1
"163","Richea continentis",148.7761,-35.5253,3000,"1963-01-10",1963,1
"164","Richea continentis",147.3357,-36.8656,50,"2001-01-12",2001,1
"165","Richea continentis",147.3429,-36.8448,50,"1997-01-16",1997,1
"166","Richea continentis",148.267907494,-36.448454682,2000,"1900-01-01",1900,1
"167","Richea continentis",147.2166666667,-36.8,NA,"1969-01-07",1969,1
"168","Richea continentis",146.3263,-37.8316,500,"1994-01-16",1994,1
"169","Richea continentis",147.241557,-36.899568,NA,"2014-01-25",2014,1
"170","Richea continentis",147.2905,-36.9136,50,"2004-01-22",2004,1
"171","Richea continentis",148.2625,-36.4561,5000,"1928-01-01",1928,1
"172","Richea continentis",146.8083,-36.7302,15,"1982-01-01",1982,1
"173","Richea continentis",147.283,-36.915,15,"1981-01-01",1981,1
"174","Richea continentis",148.5,-36.0667,3000,"1966-01-20",1966,1
"175","Richea continentis",148.3333333,-35.9433333,50,"2000-01-28",2000,1
"176","Richea continentis",146.2715,-37.8403,500,"2013-01-27",2013,1
"177","Richea continentis",148.317906106,-36.415120826,2000,"1969-01-23",1969,1
"178","Richea continentis",146.7013,-37.5652,500,"1973-01-07",1973,1
"179","Richea continentis",147.2791,-36.9413,15,"1981-01-01",1981,1
"180","Richea continentis",147.2825,-36.9177,15,"1981-01-01",1981,1
"181","Richea continentis",146.7726946144,-36.7325594703,150,"1982-01-26",1982,1
"182","Richea continentis",145.88,-37.47,10000,"1973-01-11",1973,1
"183","Richea continentis",148.05,-37.0667,10000,"1949-01-05",1949,1
"184","Richea continentis",148.0333,-37.0944,1000,"1987-01-02",1987,1
"185","Richea continentis",148.7981,-35.7242,50,"1994-01-12",1994,1
"186","Richea continentis",147.343,-36.863,15,"1981-01-01",1981,1
"187","Richea continentis",147.2904815556,-36.9055900556,NA,"2015-01-26",2015,1
"188","Richea continentis",146.6805,-37.2038,15,"1981-01-01",1981,1
"189","Richea continentis",146.75,-36.7667,10000,"1935-01-25",1935,1
"190","Richea continentis",146.7888,-36.7683,15,"1982-01-01",1982,1
"191","Richea continentis",148.250938,-36.448577,10000,"1930-01-25",1930,1
"192","Richea continentis",147.3288,-36.8705,500,"2000-01-11",2000,1
"193","Richea continentis",148.370120871,-36.03511912,50,"1997-01-27",1997,1
"194","Richea continentis",146.7541,-37.3622,15,"1981-01-01",1981,1
"195","Richea continentis",148.0597,-37.0097,50,"1984-01-24",1984,1
"196","Richea continentis",147.2888,-36.9066,50,"2004-01-22",2004,1
"197","Richea continentis",148.2958,-36.4597,5000,"1950-01-08",1950,1
"198","Richea continentis",147.2667,-36.85,10000,"1969-01-07",1969,1
"199","Richea continentis",146.7668612197,-36.77672671,10000,"1953-01-01",1953,1
"200","Richea continentis",148.7945435,-35.5742987,100,"1988-01-11",1988,1
"201","Richea continentis",146.7844,-36.7677,15,"1982-01-01",1982,1
"202","Richea continentis",148.42263,-36.39988,NA,"2017-01-02",2017,1
"203","Richea continentis",145.9389,-37.3583,1000,"1984-01-06",1984,1
"204","Richea continentis",147.3,-36.9,10000,"1966-01-25",1966,1
"205","Richea continentis",148.351238361,-36.381787093,1667,"1981-01-24",1981,1
"206","Richea continentis",148.314986,-36.4416439991,20,"2018-01-22",2018,1
"207","Richea continentis",148.7689,-35.5744,3000,"1965-01-27",1965,1
"208","Richea continentis",148.4166666667,-36.4166666667,NA,"1954-01-31",1954,1
"209","Richea continentis",147.3346,-36.8651,50,"1998-01-17",1998,1
"210","Richea continentis",144.0056,-37.1983,100,"2012-01-10",2012,1
"211","Richea continentis",147.2667,-36.9167,10000,"1969-01-07",1969,1
"212","Richea continentis",147.2921,-36.9118,50,"1998-01-15",1998,1
"213","Richea continentis",147.3083,-36.8694,500,"2000-01-11",2000,1
"214","Richea continentis",148.300936,-36.415244,1000,"1981-01-22",1981,1
"215","Richea continentis",147.2888,-36.9066,50,"1998-01-21",1998,1
"216","Richea continentis",147.3173,-36.8709,50,"1998-01-17",1998,1
"217","Richea continentis",148.2510034129,-36.3319905249,10000,"1964-01-18",1964,1
"218","Richea continentis",147.288,-36.913,15,"1981-01-01",1981,1
"219","Richea continentis",147.2827453613,-36.8745002747,NA,"2020-01-16",2020,1
"220","Richea continentis",148.29118,-36.48103,5,"2019-01-20",2019,1
"221","Richea continentis",148.27,-36.45,2000,"1896-01-01",1896,1
"222","Richea continentis",148.2958,-36.4597,5000,"1952-01-22",1952,1
"223","Richea continentis",146.7833,-36.7167,5000,"1935-01-25",1935,1
"224","Richea continentis",146.2667,-37.8167,25000,"1980-01-17",1980,1
"225","Richea continentis",146.4493698341,-37.1470078713,10000,"1969-01-21",1969,1
"226","Richea continentis",146.45,-37.15,NA,"1969-01-12",1969,1
"227","Richea continentis",146.9013,-37.5983,500,"1973-01-08",1973,1
"228","Richea continentis",148.775,-35.5833,50,"1983-01-19",1983,1
"229","Richea continentis",147.2652,-36.9183,15,"1981-01-01",1981,1
"230","Richea continentis",148.310835057,-36.415912955,50,"2010-01-27",2010,1
"231","Richea continentis",148.4,-36.27,10000,"1963-01-01",1963,1
"232","Richea continentis",148.0597,-37.0097,1000,"1984-01-24",1984,1
"233","Richea continentis",148.29118,-36.48103,5,"2019-01-20",2019,1
"234","Richea continentis",146.3053885118,-37.8357820097,100,"2020-01-27",2020,1
"235","Richea continentis",146.25,-37.8333,10000,"1988-01-24",1988,1
"236","Richea continentis",146.2672,-37.8392,2000,"1970-01-17",1970,1
"237","Richea continentis",148.27,-36.45,2000,"1924-01-01",1924,1
"238","Richea continentis",148.29118,-36.48103,5,"2019-01-20",2019,1
"239","Richea continentis",146.4305,-37.1427,15,"1981-01-01",1981,1
"240","Richea continentis",146.2667,-37.8167,10000,"1914-01-28",1914,1
"241","Richea continentis",146.8,-36.75,10000,"1959-01-01",1959,1
"242","Richea continentis",146.250983,-37.831931,1000,"1988-01-24",1988,1
"243","Richea continentis",148.482801878,-36.37513006,50,"2010-01-24",2010,1
"244","Richea continentis",148.7980556,-35.7241667,50,"1994-01-12",1994,1
"245","Richea continentis",148,-37,1000,"2008-01-23",2008,1
"246","Richea continentis",146.8083,-36.7358,15,"1982-01-01",1982,1
"247","Richea continentis",147.2166666667,-36.8,NA,"1954-01-01",1954,1
"248","Richea continentis",148.3176704767,-36.4153243468,10000,"1964-01-18",1964,1
"249","Richea continentis",148.267907494,-36.448454682,2000,"1896-01-01",1896,1
"250","Richea continentis",147.201,-36.765,500,"1967-01-01",1967,1
"251","Richea continentis",147.288,-36.914,50,"2001-01-11",2001,1
"252","Richea continentis",148.4,-36.2667,2000,"1963-01-01",1963,1
"253","Richea continentis",146.7986,-36.7594,15,"1982-01-01",1982,1
"254","Richea continentis",147.294444444,-36.8917,10000,"1999-01-16",1999,1
"255","Richea continentis",147.3094,-36.8688,500,"2000-01-11",2000,1
"256","Richea continentis",148.4667,-36.1167,25000,"1855-01-01",1855,1
"257","Richea continentis",146.7666,-36.7677,15,"1982-01-01",1982,1
"258","Richea continentis",147.2097,-36.9519,15,"1981-01-01",1981,1
"259","Richea continentis",147.2962,-36.8893,50,"2004-01-24",2004,1
"260","Richea continentis",147.3203,-36.8622,50,"2018-01-24",2018,1
"261","Richea continentis",148.68,-35.58,5000,"1965-01-27",1965,1
"262","Richea continentis",146.78902,-36.767803,NA,"2011-01-21",2011,1
"263","Richea continentis",146.793,-36.721,15,"1982-01-01",1982,1
"264","Richea continentis",148.3333,-35.9433,50,"2000-01-28",2000,1
"265","Richea continentis",148.258932138,-36.523177222,1000,"2002-01-13",2002,1
"266","Richea continentis",147.241557,-36.899568,NA,"2014-01-25",2014,1
"267","Richea continentis",146.7667,-36.7667,10000,"1973-01-22",1973,1
"268","Richea continentis",148.3688889,-36.0366667,50,"1997-01-27",1997,1
"269","Richea continentis",148.68,-35.58,10000,"1961-01-10",1961,1
"270","Richea continentis",147.1519,-37.1266,15,"1982-01-01",1982,1
"271","Richea continentis",147.3025,-36.8939,50,"2018-01-28",2018,1
"272","Richea continentis",147.2786,-36.9322,15,"1981-01-01",1981,1
"273","Richea continentis",147.28,-36.918,15,"1981-01-01",1981,1
"274","Richea continentis",148.334564244,-35.941785837,50,"2000-01-28",2000,1
"275","Richea continentis",146.8167,-37.5167,10000,"1964-01-03",1964,1
"276","Richea continentis",148.77,-35.65,5000,"1912-01-15",1912,1
"277","Richea continentis",147.288,-36.921,15,"1981-01-01",1981,1
"278","Richea continentis",148.27,-36.45,2000,"1930-01-11",1930,1
"279","Richea continentis",147.29,-36.94,15,"1981-01-01",1981,1
"280","Richea continentis",147.2852,-36.8708,500,"2000-01-11",2000,1
"281","Richea continentis",148.45,-36.3333,10000,"1964-01-28",1964,1
"282","Richea continentis",147.338,-36.857,15,"1981-01-01",1981,1
"283","Richea continentis",148.7833333333,-35.5666666667,NA,"1965-01-27",1965,1
"284","Richea continentis",146.789017,-36.767802,NA,"2011-01-21",2011,1
"285","Richea continentis",147.1167,-36.9667,10000,"1888-01-01",1888,1
"286","Richea continentis",148.2635987,-36.4558975,1745,"2018-01-31",2018,1
"287","Richea continentis",147.3,-36.9167,5000,"1970-01-25",1970,1
"288","Richea continentis",146.307274,-37.834855,1000,"2018-01-26",2018,1
"289","Richea continentis",146.8022,-36.7247,15,"1982-01-01",1982,1
"290","Richea continentis",147.2921,-36.9118,50,"1998-01-15",1998,1
"291","Richea continentis",148.0333,-37.0944,1000,"1987-01-02",1987,1
"292","Richea continentis",148.2632266797,-36.4561579167,1000,"1976-01-28",1976,1
"293","Richea continentis",148.78916834,-35.58068917,100,"1988-01-02",1988,1
"294","Richea continentis",148.384268,-36.415243,1000,"1984-01-27",1984,1
"295","Richea continentis",148.27,-36.45,2000,"1896-01-01",1896,1
"296","Richea continentis",146.688,-37.226,15,"1981-01-01",1981,1
"297","Richea continentis",147.3138,-36.9891,15,"1995-01-16",1995,1
"298","Richea continentis",147.2784403929,-36.8808579525,3866,"2011-01-16",2011,1
"299","Richea continentis",146.7347,-37.4319,500,"1973-01-20",1973,1
"300","Richea continentis",148.484563239,-36.031784584,10000,"1958-01-17",1958,1
"301","Richea continentis",146.4333,-37.15,2000,"1969-01-12",1969,1
"302","Richea continentis",146.7597,-36.7372,15,"1982-01-01",1982,1
"303","Richea continentis",146.27,-37.82,10000,"1973-01-24",1973,1
"304","Richea continentis",146.7717,-36.7339,50,"1982-01-26",1982,1
"305","Richea continentis",148.45,-36.05,1000,"1966-01-17",1966,1
"306","Richea continentis",148.5333,-36.05,3000,"1965-01-26",1965,1
"307","Richea continentis",147.2875,-36.9211,15,"1981-01-01",1981,1
"308","Richea continentis",146.772629,-36.732478,1000,"1982-01-26",1982,1
"309","Richea continentis",146.7847,-37.5986,500,"1973-01-08",1973,1
"310","Richea continentis",148.267907494,-36.448454682,2000,"1896-01-01",1896,1
"311","Richea continentis",147.3334,-36.8276,50,"1998-01-20",1998,1
"312","Richea continentis",147.33109112,-36.84434556,8,"2019-01-12",2019,1
"313","Richea continentis",148.799272235,-35.722612806,50,"1994-01-12",1994,1
"314","Richea continentis",146.682,-37.208,15,"1981-01-01",1981,1
"315","Richea continentis",146.6805,-37.2122,15,"1981-01-01",1981,1
"316","Richea continentis",147.2167,-36.9,10000,"1979-01-16",1979,1
"317","Richea continentis",147.1847,-37.1261,15,"1982-01-01",1982,1
"318","Richea continentis",147.3313,-36.8261,50,"2004-01-27",2004,1
"319","Richea continentis",148.50563019,-36.35511115,100,"2009-01-08",2009,1
"320","Richea continentis",148.29118,-36.48103,5,"2019-01-20",2019,1
"321","Richea continentis",145.8667,-37.5,10000,"1973-01-11",1973,1
"322","Richea continentis",148.2667,-36.45,10000,"1874-01-01",1874,1
"323","Richea continentis",146.7763,-36.7433,15,"1982-01-01",1982,1
"324","Richea continentis",146.75,-36.7667,10000,"1953-01-01",1953,1
"325","Richea continentis",148.684550285,-35.581780433,5000,"1965-01-27",1965,1
"326","Richea continentis",147.29,-36.913,15,"1981-01-01",1981,1
"327","Richea continentis",146.7833,-36.7755,15,"1982-01-01",1982,1
"328","Richea continentis",147.92,-37.14,15,"1985-01-01",1985,1
"329","Richea continentis",147.9667,-37.1,10000,"1971-01-20",1971,1
"330","Richea continentis",146.8027,-36.7458,15,"1982-01-01",1982,1
"331","Richea continentis",146.768,-36.741,15,"1982-01-01",1982,1
"332","Richea continentis",148.7833,-35.5664,50,"2013-01-15",2013,1
"333","Richea continentis",147.2944,-36.8917,1000,"1999-01-16",1999,1
"334","Richea continentis",147.2833,-36.8667,10000,"1959-01-20",1959,1
"335","Richea continentis",147.35,-36.9333,10000,"1972-01-06",1972,1
"336","Richea continentis",148.401235908,-36.265119473,10000,"1963-01-01",1963,1
"337","Richea continentis",146.4972,-37.2344,15,"1981-01-01",1981,1
"338","Richea continentis",148.3708096356,-36.3821325655,2,"2019-02-15",2019,2
"339","Richea continentis",146.7667,-36.7667,25000,"1963-02-18",1963,2
"340","Richea continentis",145.8667,-37.4833,10000,"1961-02-26",1961,2
"341","Richea continentis",146.2821,-37.8368,100,"2011-02-01",2011,2
"342","Richea continentis",148.42027881,-36.26357614,5,"2015-02-19",2015,2
"343","Richea continentis",145.8751,-37.4787,100,"2011-02-01",2011,2
"344","Richea continentis",147.350956,-36.931919,1000,"1989-02-10",1989,2
"345","Richea continentis",148.5,-35.8667,10000,"1897-02-01",1897,2
"346","Richea continentis",147.3375,-36.8647,15,"1981-02-01",1981,2
"347","Richea continentis",148.3758,-36.278,16,"1975-02-01",1975,2
"348","Richea continentis",148.15,-36.8667,10000,"1854-02-01",1854,2
"349","Richea continentis",146.2605,-37.8227,15,"1998-02-19",1998,2
"350","Richea continentis",147.1583,-36.9611,1000,"1983-02-21",1983,2
"351","Richea continentis",146.288,-37.826,100,"2011-02-01",2011,2
"352","Richea continentis",148.0333,-37.0886,15,"1982-02-01",1982,2
"353","Richea continentis",148.453218524,-35.535195455,5,"2013-02-19",2013,2
"354","Richea continentis",146.318,-37.865,1000,"1980-02-01",1980,2
"355","Richea continentis",148.3136111111,-36.4436111111,NA,"2020-02-25",2020,2
"356","Richea continentis",148.3208,-36.4289,50,"2007-02-15",2007,2
"357","Richea continentis",148.5,-35.87,25000,"1897-02-01",1897,2
"358","Richea continentis",146.4869,-37.1072,15,"1991-02-08",1991,2
"359","Richea continentis",148.374,-36.424,10,"2004-02-09",2004,2
"360","Richea continentis",148.4833,-36.3667,1000,"1992-02-24",1992,2
"361","Richea continentis",148.438080395,-36.133586646,5,"2017-02-03",2017,2
"362","Richea continentis",148.387849503,-36.191622172,5,"2017-02-03",2017,2
"363","Richea continentis",145.8904,-37.4842,100,"2011-02-01",2011,2
"364","Richea continentis",146.318,-37.865,1000,"1980-02-01",1980,2
"365","Richea continentis",148.333279967264,-36.4425388082978,NA,"1980-02-06",1980,2
"366","Richea continentis",147.1819,-37.1139,1000,"1985-02-24",1985,2
"367","Richea continentis",148.39758056,-36.38063495,200,"2011-02-10",2011,2
"368","Richea continentis",148.3278,-36.4333,1000,"1952-02-24",1952,2
"369","Richea continentis",148.2833333333,-36.45,NA,"1957-02-25",1957,2
"370","Richea continentis",145.875,-37.479,100,"2011-02-01",2011,2
"371","Richea continentis",147.2833333333,-36.8666666667,NA,"1988-02-13",1988,2
"372","Richea continentis",146.299,-37.829,100,"2011-02-01",2011,2
"373","Richea continentis",148.377218237,-36.421641986,10,"2004-02-09",2004,2
"374","Richea continentis",148.265111111,-36.440666666,10,"2004-02-10",2004,2
"375","Richea continentis",145.8667,-37.4833,3000,"1964-02-26",1964,2
"376","Richea continentis",148.408152288,-36.40592627,20,"2011-02-12",2011,2
"377","Richea continentis",145.8803,-37.4881,100,"2011-02-01",2011,2
"378","Richea continentis",145.8909,-37.4856,100,"2011-02-01",2011,2
"379","Richea continentis",148.3222222222,-36.4423611111,50,"2008-02-22",2008,2
"380","Richea continentis",148.3208,-36.4289,50,"2007-02-15",2007,2
"381","Richea continentis",148.17,-38.5,2000,"1974-02-26",1974,2
"382","Richea continentis",148.438080395,-36.133586646,5,"2017-02-03",2017,2
"383","Richea continentis",146.3205,-37.8341,15,"1992-02-21",1992,2
"384","Richea continentis",146.2851,-37.8272,100,"2011-02-01",2011,2
"385","Richea continentis",145.8803,-37.4882,100,"2011-02-01",2011,2
"386","Richea continentis",146.4841,-37.1083,15,"1991-02-07",1991,2
"387","Richea continentis",147.3166666667,-36.8666666667,NA,"2006-02-23",2006,2
"388","Richea continentis",148.3333,-36.4333,1000,"1980-02-19",1980,2
"389","Richea continentis",146.2807,-37.8281,100,"2011-02-01",2011,2
"390","Richea continentis",147.275,-36.878,15,"1999-02-25",1999,2
"391","Richea continentis",148.7833,-35.5833,10000,"1953-02-09",1953,2
"392","Richea continentis",145.8819,-37.4849,100,"2011-02-01",2011,2
"393","Richea continentis",146.318,-37.865,1000,"1980-02-01",1980,2
"394","Richea continentis",146.3006,-37.8347,100,"2011-02-01",2011,2
"395","Richea continentis",148.0983,-36.7066,15,"1982-02-01",1982,2
"396","Richea continentis",145.8832,-37.4842,100,"2011-02-01",2011,2
"397","Richea continentis",148.7822,-35.5214,50,"2013-02-20",2013,2
"398","Richea continentis",148.7858,-35.5414,3000,"1970-02-14",1970,2
"399","Richea continentis",147.2705,-36.8794,15,"1999-02-26",1999,2
"400","Richea continentis",148.3667,-36.2833,3000,"1972-02-21",1972,2
"401","Richea continentis",146.318,-37.865,1000,"1980-02-01",1980,2
"402","Richea continentis",148.460891101,-36.200434717,5,"2015-02-20",2015,2
"403","Richea continentis",148.3758,-36.278,16,"1975-02-01",1975,2
"404","Richea continentis",148.27,-36.45,2000,"1890-02-01",1890,2
"405","Richea continentis",146.7902,-36.7388,300,"2005-02-25",2005,2
"406","Richea continentis",148.400610588,-36.430326385,50,"2011-02-06",2011,2
"407","Richea continentis",148.250938,-36.448577,10000,"1931-02-01",1931,2
"408","Richea continentis",148.267907494,-36.448454682,2000,"1928-02-01",1928,2
"409","Richea continentis",148.378972222,-36.291805555,10,"2004-02-09",2004,2
"410","Richea continentis",148.267604,-36.448577,1000,"1989-02-11",1989,2
"411","Richea continentis",147.3232,-36.8715,50,"1998-02-11",1998,2
"412","Richea continentis",147.2716,-36.8833,15,"1999-02-26",1999,2
"413","Richea continentis",147.2666666667,-36.9,25000,"2006-02-22",2006,2
"414","Richea continentis",146.2799,-37.8339,100,"2011-02-01",2011,2
"415","Richea continentis",146.2819,-37.8288,100,"2011-02-01",2011,2
"416","Richea continentis",147.1986,-36.8744,15,"1987-02-01",1987,2
"417","Richea continentis",148.42027881,-36.26357614,5,"2015-02-19",2015,2
"418","Richea continentis",148.300936,-36.398577,1000,"1988-02-03",1988,2
"419","Richea continentis",146.3074,-37.8393,100,"2011-02-01",2011,2
"420","Richea continentis",146.4847,-37.1091,15,"1991-02-07",1991,2
"421","Richea continentis",146.306,-37.837,100,"2011-02-01",2011,2
"422","Richea continentis",148.407256635,-36.406597323,20,"2011-02-12",2011,2
"423","Richea continentis",148.399926281,-36.409991733,10,"2011-02-12",2011,2
"424","Richea continentis",147.3402,-36.8552,15,"1981-02-01",1981,2
"425","Richea continentis",147.2666666667,-36.9,25000,"2005-02-24",2005,2
"426","Richea continentis",148.7822,-35.5214,50,"2013-02-20",2013,2
"427","Richea continentis",146.318,-37.865,1000,"1980-02-01",1980,2
"428","Richea continentis",146.2602,-37.8244,15,"1998-02-19",1998,2
"429","Richea continentis",146.29,-37.83,100,"2011-02-01",2011,2
"430","Richea continentis",148.76788137,-35.56511249,5000,"1963-02-27",1963,2
"431","Richea continentis",148.3208,-36.4289,50,"2007-02-15",2007,2
"432","Richea continentis",145.8667,-37.5,10000,"1963-02-17",1963,2
"433","Richea continentis",148.2667,-36.45,10000,"1890-02-01",1890,2
"434","Richea continentis",148.76788137,-35.56511249,5000,"1953-02-09",1953,2
"435","Richea continentis",147.1728,-36.9969,20,"2012-02-09",2012,2
"436","Richea continentis",146.2588,-37.8308,15,"1998-02-19",1998,2
"437","Richea continentis",148.7833,-35.5833,1000,"1950-02-17",1950,2
"438","Richea continentis",146.318,-37.865,1000,"1980-02-01",1980,2
"439","Richea continentis",148.4333,-35.55,25000,"1977-02-04",1977,2
"440","Richea continentis",145.8788,-37.4817,100,"2011-02-01",2011,2
"441","Richea continentis",145.8667,-37.5,10000,"1943-02-06",1943,2
"442","Richea continentis",148.420872081,-36.263758404,5,"2015-02-19",2015,2
"443","Richea continentis",148.40204385,-36.40956687,10,"2010-02-23",2010,2
"444","Richea continentis",147.275,-36.877,15,"1999-02-25",1999,2
"445","Richea continentis",147.6333333333,-29.8666666667,NA,"1978-02-17",1978,2
"446","Richea continentis",148.3728,-36.2925,10,"2004-02-09",2004,2
"447","Richea continentis",147.2667,-36.8667,10000,"1975-02-03",1975,2
"448","Richea continentis",146.2773,-37.8429,100,"2011-02-01",2011,2
"449","Richea continentis",148.77,-35.57,5000,"1953-02-09",1953,2
"450","Richea continentis",148.267907494,-36.448454682,2000,"1940-02-03",1940,2
"451","Richea continentis",148.414927482,-36.150053173,5,"2017-02-03",2017,2
"452","Richea continentis",147.3167,-36.8778,1000,"1994-02-01",1994,2
"453","Richea continentis",147.284289,-36.865253,1000,"1989-02-10",1989,2
"454","Richea continentis",148.3,-36.45,2000,"1985-02-06",1985,2
"455","Richea continentis",146.768,-37.373,15,"1978-02-01",1978,2
"456","Richea continentis",148.4083,-36.3805,15,"2000-02-29",2000,2
"457","Richea continentis",148.8,-35.5833,2000,"1976-02-23",1976,2
"458","Richea continentis",148.397175478,-36.206370096,5,"2015-02-20",2015,2
"459","Richea continentis",148.359694444,-36.433194443,10,"2004-02-09",2004,2
"460","Richea continentis",148.3758,-36.378,16,"1975-02-01",1975,2
"461","Richea continentis",147.2815785397,-36.8642231014,10000,"1958-02-02",1958,2
"462","Richea continentis",148.29,-36.4136,3000,"1972-02-07",1972,2
"463","Richea continentis",147.267624,-36.848586,1000,"1989-02-10",1989,2
"464","Richea continentis",146.345,-37.87,15,"1992-02-20",1992,2
"465","Richea continentis",148.31503,-36.44175,10,"2004-02-10",2004,2
"466","Richea continentis",148.400610588,-36.430326385,50,"2011-02-07",2011,2
"467","Richea continentis",146.4366,-37.1455,500,"2009-02-26",2009,2
"468","Richea continentis",148.418046629,-36.287870186,5,"2017-02-02",2017,2
"469","Richea continentis",148.3,-36.45,2000,"1985-02-06",1985,2
"470","Richea continentis",148.324554503,-36.441561241,50,"2011-02-09",2011,2
"471","Richea continentis",147.2833333333,-36.9166666667,10000,"2006-02-22",2006,2
"472","Richea continentis",146.2758,-37.8298,100,"2011-02-01",2011,2
"473","Richea continentis",148.414927482,-36.150053173,5,"2017-02-03",2017,2
"474","Richea continentis",146.2833,-37.8333,2000,"1972-02-05",1972,2
"475","Richea continentis",148.3758,-36.378,100,"1975-02-01",1975,2
"476","Richea continentis",146.7647,-36.7347,300,"2005-02-24",2005,2
"477","Richea continentis",146.3167,-37.8333,10000,"1974-02-21",1974,2
"478","Richea continentis",148.2686111,-36.4608333,100,"2010-02-17",2010,2
"479","Richea continentis",148.8676526328,-35.4819828966,10000,"1897-02-01",1897,2
"480","Richea continentis",147.2725,-36.8811,15,"1999-02-26",1999,2
"481","Richea continentis",146.2793,-37.8339,100,"2011-02-01",2011,2
"482","Richea continentis",148.27,-36.45,2000,"1901-02-01",1901,2
"483","Richea continentis",148.484563239,-36.031784584,10000,"1952-02-01",1952,2
"484","Richea continentis",146.2953,-37.8209,100,"2011-02-01",2011,2
"485","Richea continentis",148.41958828,-36.18414624,5,"2017-02-03",2017,2
"486","Richea continentis",146.35,-37.7833333333,NA,"1978-02-12",1978,2
"487","Richea continentis",146.75,-36.7667,10000,"1973-02-27",1973,2
"488","Richea continentis",147.2666666667,-36.9,25000,"2005-02-24",2005,2
"489","Richea continentis",148.435610512,-36.214488193,5,"2015-02-20",2015,2
"490","Richea continentis",148.3788571,-36.4217531,10,"2004-02-09",2004,2
"491","Richea continentis",148.0319,-37.1052,15,"1982-02-01",1982,2
"492","Richea continentis",146.28333,-37.83333,10000,"1972-02-05",1972,2
"493","Richea continentis",148.400610594,-36.430326388,50,"2010-02-01",2010,2
"494","Richea continentis",148.4117,-36.3753,2000,"1960-02-26",1960,2
"495","Richea continentis",145.8753,-37.4788,100,"2011-02-01",2011,2
"496","Richea continentis",147.1755,-36.9977,15,"1999-02-12",1999,2
"497","Richea continentis",148.267907494,-36.448454682,2000,"1890-02-01",1890,2
"498","Richea continentis",148.265777778,-36.462083332,10,"2004-02-11",2004,2
"499","Richea continentis",146.2785,-37.8343,100,"2011-02-01",2011,2
"500","Richea continentis",147.9791,-37.1441,15,"1982-02-01",1982,2
"501","Richea continentis",148.419572713,-36.18451603,5,"2017-02-03",2017,2
"502","Richea continentis",145.8906,-37.4842,100,"2011-02-01",2011,2
"503","Richea continentis",148.501226264,-35.865116912,25000,"1897-02-01",1897,2
"504","Richea continentis",148.47360345,-36.09762727,5,"2017-02-03",2017,2
"505","Richea continentis",146.8,-36.75,10000,"1975-02-13",1975,2
"506","Richea continentis",148.48,-36.03,10000,"1952-02-01",1952,2
"507","Richea continentis",148.267907494,-36.448454682,2000,"1901-02-01",1901,2
"508","Richea continentis",145.872,-37.48,100,"2011-02-01",2011,2
"509","Richea continentis",148.7678,-35.5294,2000,"1952-02-08",1952,2
"510","Richea continentis",147.1911,-36.9102,15,"1983-02-01",1983,2
"511","Richea continentis",146.318,-37.865,1000,"1980-02-01",1980,2
"512","Richea continentis",146.282,-37.837,100,"2011-02-01",2011,2
"513","Richea continentis",148.369,-36.302,10,"2004-02-09",2004,2
"514","Richea continentis",148.77,-35.57,5000,"1963-02-27",1963,2
"515","Richea continentis",148.453218524,-35.535195455,5,"2013-02-19",2013,2
"516","Richea continentis",148.418046629,-36.287870186,5,"2017-02-02",2017,2
"517","Richea continentis",148.3894,-36.4205,10,"2004-02-11",2004,2
"518","Richea continentis",148.460891101,-36.200434717,5,"2015-02-20",2015,2
"519","Richea continentis",147.2769,-36.8644,15,"2000-02-23",2000,2
"520","Richea continentis",148.1358,-36.6733,15,"1982-02-01",1982,2
"521","Richea continentis",148.0997,-36.6983,15,"1982-02-01",1982,2
"522","Richea continentis",146.4941,-37.1411,500,"2009-02-27",2009,2
"523","Richea continentis",148.167910072,-36.498455873,2000,"1974-02-26",1974,2
"524","Richea continentis",148.3460101,-36.4117447,5,"2019-02-26",2019,2
"525","Richea continentis",148.27,-36.45,2000,"1928-02-01",1928,2
"526","Richea continentis",147.2194,-36.8805,15,"1987-02-01",1987,2
"527","Richea continentis",145.8798,-37.4872,100,"2011-02-01",2011,2
"528","Richea continentis",146.7894,-36.7383,300,"2005-02-25",2005,2
"529","Richea continentis",148.399,-36.336,10,"2004-02-09",2004,2
"530","Richea continentis",147.2833,-36.8333,1000,"1993-02-26",1993,2
"531","Richea continentis",148.7822,-35.5214,50,"2013-02-20",2013,2
"532","Richea continentis",148.0847,-37.0483,500,"1973-02-13",1973,2
"533","Richea continentis",147.2667,-36.9,3000,"1946-02-11",1946,2
"534","Richea continentis",148.300937,-36.448577,1000,"1985-02-06",1985,2
"535","Richea continentis",148.390023524,-36.417114082,10,"2004-02-11",2004,2
"536","Richea continentis",148.2666666667,-36.45,NA,"1957-02-25",1957,2
"537","Richea continentis",148.27019246,-36.44114297,10,"2004-02-10",2004,2
"538","Richea continentis",148.799718371,-35.706742633,100,"1988-02-11",1988,2
"539","Richea continentis",148.3913,-36.4002,15,"2000-02-08",2000,2
"540","Richea continentis",145.8799,-37.4868,100,"2011-02-01",2011,2
"541","Richea continentis",148.27,-36.45,2000,"1940-02-03",1940,2
"542","Richea continentis",148.0291,-37.1094,15,"1982-02-01",1982,2
"543","Richea continentis",148.3758,-36.378,16,"1975-02-01",1975,2
"544","Richea continentis",146.8208,-37.5316,15,"1978-02-01",1978,2
"545","Richea continentis",148.339956666,-36.42546845,5,"2019-02-26",2019,2
"546","Richea continentis",148.398053873,-36.381766054,10,"2011-02-12",2011,2
"547","Richea continentis",147.2777,-36.8644,15,"2000-02-23",2000,2
"548","Richea continentis",146.2902,-37.8304,100,"2011-02-01",2011,2
"549","Richea continentis",145.867651,-37.481933,10000,"1943-02-06",1943,2
"550","Richea continentis",148.55,-36.65,NA,"1985-02-07",1985,2
"551","Richea continentis",146.434313,-37.815264,1000,"1989-02-08",1989,2
"552","Richea continentis",146.2766,-37.8294,100,"2011-02-01",2011,2
"553","Richea continentis",146.7887,-36.7684,50,"1998-02-06",1998,2
"554","Richea continentis",146.7955,-36.7586,300,"2005-02-28",2005,2
"555","Richea continentis",147.2833,-36.8833,10000,"1958-02-02",1958,2
"556","Richea continentis",148.397175478,-36.206370096,5,"2015-02-20",2015,2
"557","Richea continentis",146.294,-37.822,100,"2011-02-01",2011,2
"558","Richea continentis",147.3167,-36.8778,1000,"1994-02-01",1994,2
"559","Richea continentis",148.2659815462,-36.4549487402,4,"2019-02-14",2019,2
"560","Richea continentis",146.318,-37.865,1000,"1981-02-01",1981,2
"561","Richea continentis",148.3222222222,-36.4423611111,50,"2008-02-22",2008,2
"562","Richea continentis",146.3,-37.82,15,"1998-03-17",1998,3
"563","Richea continentis",147.2488,-36.8852,15,"1997-03-22",1997,3
"564","Richea continentis",148.4036,-36.1239,5,"2017-03-01",2017,3
"565","Richea continentis",146.7642,-36.7358,100,"2005-03-10",2005,3
"566","Richea continentis",146.278,-37.831,15,"1998-03-17",1998,3
"567","Richea continentis",146.299,-37.823,15,"1998-03-17",1998,3
"568","Richea continentis",146.3244,-37.8575,15,"1998-03-18",1998,3
"569","Richea continentis",148.3586,-36.4317,50,"2013-03-06",2013,3
"570","Richea continentis",146.2691,-37.8361,15,"1996-03-25",1996,3
"571","Richea continentis",148.3583,-36.4306,50,"2009-03-13",2009,3
"572","Richea continentis",148.2708,-36.4486,50,"2010-03-15",2010,3
"573","Richea continentis",146.85,-37.5,25000,"1861-03-01",1861,3
"574","Richea continentis",148.2708333,-36.4486111,100,"2010-03-15",2010,3
"575","Richea continentis",148.4036,-36.1239,5,"2017-03-01",2017,3
"576","Richea continentis",147.3199,-36.8902,20,"2015-03-17",2015,3
"577","Richea continentis",148.384569864,-36.298453136,2000,"1974-03-20",1974,3
"578","Richea continentis",146.2919,-37.8286,15,"1998-03-17",1998,3
"579","Richea continentis",147.2447,-36.8936,3,"2015-03-17",2015,3
"580","Richea continentis",146.2547,-37.8358,15,"1996-03-19",1996,3
"581","Richea continentis",147.3361,-36.8525,15,"1981-03-01",1981,3
"582","Richea continentis",147.2827,-36.8836,500,"2005-03-31",2005,3
"583","Richea continentis",146.7642,-36.7358,100,"2008-03-01",2008,3
"584","Richea continentis",148.784546611,-35.515112231,5000,"1972-03-21",1972,3
"585","Richea continentis",148.401236576,-36.315119705,1667,"1988-03-02",1988,3
"586","Richea continentis",148.3586,-36.4317,50,"2013-03-06",2013,3
"587","Richea continentis",147.32,-36.89,5,"2015-03-17",2015,3
"588","Richea continentis",146.318,-37.865,1000,"1980-03-01",1980,3
"589","Richea continentis",148.319080284,-36.420586921,10,"2004-03-03",2004,3
"590","Richea continentis",146.2575,-37.8358,15,"1996-03-19",1996,3
"591","Richea continentis",146.268,-37.82,15,"1998-03-19",1998,3
"592","Richea continentis",148.3111111,-36.4461111,100,"2010-03-17",2010,3
"593","Richea continentis",145.9375,-37.5344,15,"1979-03-01",1979,3
"594","Richea continentis",146.7642,-36.7358,100,"2011-03-01",2011,3
"595","Richea continentis",146.2733,-37.8472,15,"1996-03-25",1996,3
"596","Richea continentis",148.7814,-35.5219,50,"2014-03-05",2014,3
"597","Richea continentis",148.327211642,-36.3905719,5,"2013-03-19",2013,3
"598","Richea continentis",146.75,-36.7667,10000,"1910-03-01",1910,3
"599","Richea continentis",148.281666581,-36.447223132,50,"2008-03-05",2008,3
"600","Richea continentis",146.7642,-36.7358,100,"2005-03-10",2005,3
"601","Richea continentis",148.3,-36.2833,1000,"1980-03-21",1980,3
"602","Richea continentis",148.4,-36.32,NA,"1988-03-02",1988,3
"603","Richea continentis",148.3583,-36.4306,50,"2009-03-13",2009,3
"604","Richea continentis",147.268,-36.882,1000,"1999-03-31",1999,3
"605","Richea continentis",148.27,-36.45,25000,"1949-03-09",1949,3
"606","Richea continentis",148.3583,-36.4306,50,"2009-03-13",2009,3
"607","Richea continentis",146.2752,-37.8358,15,"1996-03-26",1996,3
"608","Richea continentis",148.3,-36.2833,1000,"1980-03-21",1980,3
"609","Richea continentis",147.1755,-36.9977,500,"2006-03-22",2006,3
"610","Richea continentis",148.3,-36.2833,1000,"1980-03-21",1980,3
"611","Richea continentis",147.1502,-36.9647,15,"1996-03-09",1996,3
"612","Richea continentis",148.3111,-36.4461,50,"2010-03-17",2010,3
"613","Richea continentis",148.7833,-35.5167,3000,"1972-03-21",1972,3
"614","Richea continentis",146.7642,-36.7358,100,"2008-03-01",2008,3
"615","Richea continentis",148.2817,-36.4472,100,"2008-03-05",2008,3
"616","Richea continentis",146.7786,-36.7613,300,"2005-03-01",2005,3
"617","Richea continentis",147.2511,-36.8863,15,"1997-03-22",1997,3
"618","Richea continentis",148.32794,-36.4321099991,5,"2011-03-31",2011,3
"619","Richea continentis",148.32794,-36.43211,5,"2011-03-31",2011,3
"620","Richea continentis",148.7889,-35.5592,3000,"1947-03-08",1947,3
"621","Richea continentis",146.7642,-36.7358,100,"2008-03-01",2008,3
"622","Richea continentis",146.3191,-37.8497,15,"1998-03-18",1998,3
"623","Richea continentis",147.2469,-36.8841,15,"1997-03-22",1997,3
"624","Richea continentis",148.2680555556,-36.5111111111,NA,"2020-03-22",2020,3
"625","Richea continentis",146.7642,-36.7358,100,"2008-03-01",2008,3
"626","Richea continentis",147.268,-36.882,1000,"1999-03-30",1999,3
"627","Richea continentis",148.3542,-36.4267,50,"2013-03-04",2013,3
"628","Richea continentis",146.2536,-37.7919,15,"1996-03-23",1996,3
"629","Richea continentis",146.2808,-37.8377,15,"1996-03-26",1996,3
"630","Richea continentis",146.2569,-37.8358,15,"1996-03-19",1996,3
"631","Richea continentis",148.348814204,-36.358616396,5,"2013-03-19",2013,3
"632","Richea continentis",148.7814,-35.5219,50,"2014-03-05",2014,3
"633","Richea continentis",147.269,-36.88,3,"2014-03-13",2014,3
"634","Richea continentis",147.168,-37.098,500,"1973-03-21",1973,3
"635","Richea continentis",148.35006782,-36.35892676,5,"2013-03-19",2013,3
"636","Richea continentis",146.2778,-37.8417,1000,"2009-03-25",2009,3
"637","Richea continentis",147.3199,-36.8902,20,"2015-03-17",2015,3
"638","Richea continentis",146.3191,-37.8233,15,"1992-03-20",1992,3
"639","Richea continentis",147.3199,-36.8902,20,"2015-03-17",2015,3
"640","Richea continentis",146.2688,-37.8366,15,"1996-03-25",1996,3
"641","Richea continentis",148.3,-36.2833,1000,"1980-03-21",1980,3
"642","Richea continentis",148.413886938,-36.404470988,100,"2013-03-07",2013,3
"643","Richea continentis",148.3,-36.2833,1000,"1980-03-21",1980,3
"644","Richea continentis",148.343239933,-36.533245677,5,"2013-03-20",2013,3
"645","Richea continentis",146.322,-37.833,15,"1992-03-20",1992,3
"646","Richea continentis",146.2916666667,-37.8291666667,50,"2015-03-04",2015,3
"647","Richea continentis",146.2627,-37.8383,15,"1996-03-19",1996,3
"648","Richea continentis",148.3586,-36.43,50,"2010-03-17",2010,3
"649","Richea continentis",148.302830972,-36.528204217,5,"2013-03-20",2013,3
"650","Richea continentis",148.267907494,-36.448454682,25000,"1949-03-09",1949,3
"651","Richea continentis",146.2919,-37.8294,15,"1997-03-20",1997,3
"652","Richea continentis",147.2691,-36.8799,20,"2015-03-17",2015,3
"653","Richea continentis",146.2797,-37.8327,15,"1997-03-20",1997,3
"654","Richea continentis",145.912927,-37.423599,1000,"1996-03-15",1996,3
"655","Richea continentis",146.7642,-36.7358,100,"2008-03-01",2008,3
"656","Richea continentis",148.2817,-36.4472,100,"2008-03-05",2008,3
"657","Richea continentis",148.2817,-36.4472,100,"2008-03-05",2008,3
"658","Richea continentis",148.3583,-36.4306,50,"2009-03-13",2009,3
"659","Richea continentis",146.2566,-37.8358,15,"1996-03-19",1996,3
"660","Richea continentis",146.2333,-37.7788,15,"1999-03-05",1999,3
"661","Richea continentis",148.38,-36.3,2000,"1974-03-20",1974,3
"662","Richea continentis",148.3586,-36.4317,50,"2013-03-06",2013,3
"663","Richea continentis",148.786771545,-35.65761244,50,"1996-03-06",1996,3
"664","Richea continentis",147.163,-36.975,15,"1983-03-15",1983,3
"665","Richea continentis",148.3,-36.2833,1000,"1980-03-21",1980,3
"666","Richea continentis",146.305,-37.842,15,"1998-03-18",1998,3
"667","Richea continentis",146.79,-36.77,300,"2005-03-01",2005,3
"668","Richea continentis",146.7642,-36.7358,100,"2011-03-01",2011,3
"669","Richea continentis",146.2469,-37.7941,15,"1996-03-23",1996,3
"670","Richea continentis",146.7642,-36.7358,100,"2008-03-01",2008,3
"671","Richea continentis",146.7642,-36.7358,100,"2005-03-10",2005,3
"672","Richea continentis",148.32643544,-36.39082392,5,"2013-03-19",2013,3
"673","Richea continentis",146.8,-36.75,10000,"1975-03-20",1975,3
"674","Richea continentis",148.302830972,-36.528204217,5,"2013-03-20",2013,3
"675","Richea continentis",148.223441211,-36.457442217,5,"2013-03-18",2013,3
"676","Richea continentis",148.348814204,-36.358616396,5,"2013-03-19",2013,3
"677","Richea continentis",148.4,-36.32,NA,"1988-03-02",1988,3
"678","Richea continentis",146.2852,-37.8402,15,"1996-03-26",1996,3
"679","Richea continentis",148.2786111111,-36.4958333333,NA,"2020-03-22",2020,3
"680","Richea continentis",148.3,-36.2833,1000,"1980-03-21",1980,3
"681","Richea continentis",148.7855556,-35.6591667,50,"1996-03-06",1996,3
"682","Richea continentis",146.2975,-37.8205,15,"1998-03-17",1998,3
"683","Richea continentis",146.3175,-37.8505,15,"1998-03-18",1998,3
"684","Richea continentis",145.9119,-37.425,1000,"1996-03-15",1996,3
"685","Richea continentis",148.302283781,-36.528877264,5,"2013-03-20",2013,3
"686","Richea continentis",148.3667,-36.5167,10000,"1834-03-05",1834,3
"687","Richea continentis",146.2625,-37.8383,15,"1996-03-19",1996,3
"688","Richea continentis",147.1597,-36.9741,15,"1993-03-04",1993,3
"689","Richea continentis",148.327449267,-36.390776596,5,"2013-03-19",2013,3
"690","Richea continentis",146.2547,-37.7905,15,"1996-03-23",1996,3
"691","Richea continentis",148.3586,-36.4317,50,"2013-03-06",2013,3
"692","Richea continentis",148.7783,-35.5597,1000,"1996-03-07",1996,3
"693","Richea continentis",146.7642,-36.7358,100,"2005-03-10",2005,3
"694","Richea continentis",145.8792,-37.4917,50,"1995-03-21",1995,3
"695","Richea continentis",147.2494,-36.8855,15,"1997-03-22",1997,3
"696","Richea continentis",146.2688,-37.8366,15,"1996-03-25",1996,3
"697","Richea continentis",148.2744,-36.4369,50,"2014-03-13",2014,3
"698","Richea continentis",146.7642,-36.7358,100,"2011-03-01",2011,3
"699","Richea continentis",147.472,-36.818,15,"1995-03-28",1995,3
"700","Richea continentis",148.3586,-36.4317,50,"2013-03-06",2013,3
"701","Richea continentis",148.7856,-35.6592,50,"1996-03-06",1996,3
"702","Richea continentis",147.5272,-36.8008,15,"1995-03-28",1995,3
"703","Richea continentis",147.3363,-36.8541,15,"1981-03-01",1981,3
"704","Richea continentis",148.78,-35.52,5000,"1972-03-21",1972,3
"705","Richea continentis",148.7783,-35.5597,1000,"1996-03-07",1996,3
"706","Richea continentis",148.7833,-35.5667,3000,"1959-03-22",1959,3
"707","Richea continentis",148.343239933,-36.533245677,5,"2013-03-20",2013,3
"708","Richea continentis",148.3583,-36.4306,50,"2009-03-13",2009,3
"709","Richea continentis",146.3022,-37.8386,15,"1998-03-18",1998,3
"710","Richea continentis",148.3206,-36.4294,50,"2010-03-17",2010,3
"711","Richea continentis",146.2766,-37.8308,15,"1998-03-17",1998,3
"712","Richea continentis",148.2744,-36.4369,50,"2014-03-13",2014,3
"713","Richea continentis",148.295807249,-36.414862661,10,"2003-03-04",2003,3
"714","Richea continentis",146.7642,-36.7358,100,"2008-03-01",2008,3
"715","Richea continentis",147.32,-36.89,5,"2015-03-17",2015,3
"716","Richea continentis",146.2761,-37.8416,15,"1996-03-20",1996,3
"717","Richea continentis",147.1747,-36.9966,500,"2006-03-23",2006,3
"718","Richea continentis",148.328055556,-36.432222221,5,"2011-03-31",2011,3
"719","Richea continentis",146.3136,-37.8505,15,"1998-03-18",1998,3
"720","Richea continentis",147.268,-36.882,1000,"1999-03-31",1999,3
"721","Richea continentis",146.2702,-37.8452,15,"1996-03-25",1996,3
"722","Richea continentis",147.268,-36.882,1000,"1999-03-30",1999,3
"723","Richea continentis",147.2463,-36.8811,15,"1997-03-22",1997,3
"724","Richea continentis",148.36,-36.43,100,"2010-03-17",2010,3
"725","Richea continentis",148.2817,-36.4472,100,"2008-03-05",2008,3
"726","Richea continentis",148.22325561,-36.45699339,5,"2013-03-18",2013,3
"727","Richea continentis",146.2547,-37.8005,15,"1996-03-23",1996,3
"728","Richea continentis",148.41090888,-36.4064245,100,"2010-03-31",2010,3
"729","Richea continentis",146.2725,-37.8294,15,"1998-03-17",1998,3
"730","Richea continentis",146.2566,-37.8358,15,"1996-03-18",1996,3
"731","Richea continentis",148.3205556,-36.4294444,100,"2010-03-17",2010,3
"732","Richea continentis",146.7642,-36.7358,100,"2008-03-01",2008,3
"733","Richea continentis",147.2505,-37.0266,15,"1998-03-17",1998,3
"734","Richea continentis",147.2691,-36.8799,20,"2015-03-17",2015,3
"735","Richea continentis",148.413886938,-36.404470988,100,"2013-03-08",2013,3
"736","Richea continentis",148.3,-36.2833,1000,"1980-03-21",1980,3
"737","Richea continentis",147.268,-36.882,1000,"1999-03-31",1999,3
"738","Richea continentis",148.3,-36.2833,1000,"1980-03-21",1980,3
"739","Richea continentis",146.2667,-37.85,10000,"1895-04-01",1895,4
"740","Richea continentis",148.416450278,-36.403765848,100,"1998-04-27",1998,4
"741","Richea continentis",146.2667,-37.85,10000,"1895-04-01",1895,4
"742","Richea continentis",148.2828,-36.4864,NA,"2015-04-13",2015,4
"743","Richea continentis",147.2806,-36.8711,340,"2013-04-11",2013,4
"744","Richea continentis",148.517893304,-35.898450288,1000,"1986-04-11",1986,4
"745","Richea continentis",148.4717,-36.3703,50,"2013-04-02",2013,4
"746","Richea continentis",148.5083333,-35.8916667,50,"1988-04-20",1988,4
"747","Richea continentis",147.9722,-36.7969,15,"1980-04-01",1980,4
"748","Richea continentis",148.2767,-36.5375,200,"2013-04-05",2013,4
"749","Richea continentis",145.8833,-37.4667,1000,"1973-04-08",1973,4
"750","Richea continentis",147.3383,-36.8575,15,"1981-04-01",1981,4
"751","Richea continentis",147.2561,-36.8786,15,"1997-04-09",1997,4
"752","Richea continentis",146.4855,-37.1102,15,"1995-04-30",1995,4
"753","Richea continentis",147.338,-36.859,15,"1981-04-01",1981,4
"754","Richea continentis",148.417573373,-36.404203247,100,"1998-04-28",1998,4
"755","Richea continentis",146.5013,-37.1355,15,"1995-04-29",1995,4
"756","Richea continentis",147.2558,-36.8786,15,"1997-04-10",1997,4
"757","Richea continentis",148.416450278,-36.403765848,100,"1998-04-27",1998,4
"758","Richea continentis",148.2728,-36.4756,50,"2009-04-08",2009,4
"759","Richea continentis",148.2767,-36.5375,200,"2013-04-05",2013,4
"760","Richea continentis",147.268,-36.882,1000,"1999-04-01",1999,4
"761","Richea continentis",147.2586,-36.8858,15,"1997-04-09",1997,4
"762","Richea continentis",148.2728,-36.4756,50,"2009-04-08",2009,4
"763","Richea continentis",147.1347,-36.9791,15,"1997-04-26",1997,4
"764","Richea continentis",148.5167,-35.9,10000,"1986-04-11",1986,4
"765","Richea continentis",146.2,-37.8,50,"2012-04-26",2012,4
"766","Richea continentis",148.430968824,-36.404944931,100,"1998-04-27",1998,4
"767","Richea continentis",146.2661,-37.8264,100,"2012-04-26",2012,4
"768","Richea continentis",148.2728,-36.4756,50,"2009-04-08",2009,4
"769","Richea continentis",147.2783,-36.9177,15,"1981-04-01",1981,4
"770","Richea continentis",148.50955996,-35.89011698,50,"1988-04-20",1988,4
"771","Richea continentis",147.3,-36.866667,1000,"1987-04-18",1987,4
"772","Richea continentis",147.2846825473,-36.8706480658,16,"2020-04-28",2020,4
"773","Richea continentis",148.4656,-36.3861,50,"2013-04-03",2013,4
"774","Richea continentis",148.2967,-36.5019,NA,"2015-04-12",2015,4
"775","Richea continentis",148.5083333,-35.8916667,50,"1988-04-20",1988,4
"776","Richea continentis",146.4858,-37.1083,500,"1995-04-30",1995,4
"777","Richea continentis",147.238,-37.022,15,"2003-04-12",2003,4
"778","Richea continentis",147.2858,-36.8644,15,"1997-04-08",1997,4
"779","Richea continentis",148.4717,-36.3703,50,"2013-04-02",2013,4
"780","Richea continentis",145.8819,-37.4883,1000,"2008-04-11",2008,4
"781","Richea continentis",147.268,-36.882,1000,"1999-04-01",1999,4
"782","Richea continentis",147.2605,-36.8794,15,"1997-04-09",1997,4
"783","Richea continentis",148.52,-35.9,1000,"1986-04-11",1986,4
"784","Richea continentis",148.4656,-36.3861,50,"2013-04-03",2013,4
"785","Richea continentis",146.5002,-37.1261,500,"2007-04-03",2007,4
"786","Richea continentis",147.285,-36.871,340,"2013-04-10",2013,4
"787","Richea continentis",145.8819,-37.4883,1000,"2008-04-11",2008,4
"788","Richea continentis",146.4297,-37.1466,500,"2007-04-03",2007,4
"789","Richea continentis",147.2777,-36.9163,15,"1981-04-01",1981,4
"790","Richea continentis",147.1347,-36.9811,15,"1997-04-26",1997,4
"791","Richea continentis",147.283,-36.865,15,"1997-04-08",1997,4
"792","Richea continentis",146.75,-36.7667,25000,"1910-04-01",1910,4
"793","Richea continentis",148.0636,-36.7358,15,"1980-04-01",1980,4
"794","Richea continentis",146.2727,-37.8447,15,"1998-05-28",1998,5
"795","Richea continentis",146.2897,-37.8361,15,"1996-05-09",1996,5
"796","Richea continentis",148.3370282,-36.4221542,5,"2019-05-09",2019,5
"797","Richea continentis",146.2513,-37.8088,15,"1999-05-28",1999,5
"798","Richea continentis",146.2655,-37.8394,15,"1989-05-17",1989,5
"799","Richea continentis",146.2605,-37.8016,15,"1999-05-04",1999,5
"800","Richea continentis",147.2788,-36.8638,15,"2000-05-19",2000,5
"801","Richea continentis",146.2747,-37.8408,15,"1989-05-18",1989,5
"802","Richea continentis",146.2791,-37.8413,15,"1989-05-19",1989,5
"803","Richea continentis",148.3864191,-36.4160912,5,"2019-05-09",2019,5
"804","Richea continentis",146.251,-37.798,15,"1999-05-04",1999,5
"805","Richea continentis",148.3934636,-36.4249903,5,"2019-05-09",2019,5
"806","Richea continentis",147.2772,-36.8647,15,"2006-05-04",2006,5
"807","Richea continentis",146.2716,-37.8419,15,"1998-05-18",1998,5
"808","Richea continentis",146.4897,-37.1263,15,"1995-05-01",1995,5
"809","Richea continentis",146.258,-37.809,15,"1999-05-28",1999,5
"810","Richea continentis",146.501,-37.115,500,"1995-05-04",1995,5
"811","Richea continentis",146.2883,-37.8341,15,"1998-05-29",1998,5
"812","Richea continentis",146.2502,-37.8286,15,"1996-05-03",1996,5
"813","Richea continentis",146.238,-37.786,15,"1999-05-03",1999,5
"814","Richea continentis",148.290935826,-36.501193936,100,"1998-05-19",1998,5
"815","Richea continentis",146.2,-37.95,10000,"1970-05-12",1970,5
"816","Richea continentis",147.2869,-36.8713,500,"2009-05-27",2009,5
"817","Richea continentis",147.2766,-36.8652,15,"2000-05-19",2000,5
"818","Richea continentis",146.278,-37.842,15,"1989-05-19",1989,5
"819","Richea continentis",146.2502,-37.8286,15,"1996-05-03",1996,5
"820","Richea continentis",148.4112862,-36.4139912,5,"2019-05-09",2019,5
"821","Richea continentis",148.28529442,-36.49764904,100,"1998-05-19",1998,5
"822","Richea continentis",146.2752,-37.8425,15,"1989-05-18",1989,5
"823","Richea continentis",146.2702,-37.8238,15,"1996-05-09",1996,5
"824","Richea continentis",146.2755,-37.8355,15,"1998-05-29",1998,5
"825","Richea continentis",146.2577,-37.7947,15,"1999-05-04",1999,5
"826","Richea continentis",147.288,-36.876,500,"2009-05-27",2009,5
"827","Richea continentis",147.2738,-36.8688,15,"2000-05-19",2000,5
"828","Richea continentis",146.2758,-37.8497,15,"1998-05-28",1998,5
"829","Richea continentis",146.265,-37.807,15,"1999-05-04",1999,5
"830","Richea continentis",148.290935826,-36.501193936,100,"1998-05-19",1998,5
"831","Richea continentis",146.2469,-37.7927,15,"1999-05-04",1999,5
"832","Richea continentis",148.801204427,-35.6651191717,900,"1971-05-19",1971,5
"833","Richea continentis",146.2769,-37.8419,15,"1989-05-19",1989,5
"834","Richea continentis",146.2744,-37.8069,15,"1999-05-04",1999,5
"835","Richea continentis",146.253,-37.827,15,"1996-05-03",1996,5
"836","Richea continentis",146.2769,-37.8252,15,"1996-05-09",1996,5
"837","Richea continentis",148.7833333333,-35.65,NA,"1971-05-19",1971,5
"838","Richea continentis",146.493,-37.115,2000,"1995-05-04",1995,5
"839","Richea continentis",148.290935826,-36.501193936,100,"1998-05-19",1998,5
"840","Richea continentis",146.2727,-37.8413,15,"1989-05-18",1989,5
"841","Richea continentis",146.2697,-37.8436,15,"1989-05-19",1989,5
"842","Richea continentis",146.2855,-37.8283,15,"1996-05-09",1996,5
"843","Richea continentis",146.2547,-37.8358,15,"1996-05-19",1996,5
"844","Richea continentis",148.5616667,-35.9116667,200,"2002-05-20",2002,5
"845","Richea continentis",147.2772,-36.8644,15,"2000-05-19",2000,5
"846","Richea continentis",146.265,-37.838,15,"1989-05-20",1989,5
"847","Richea continentis",146.3125,-37.8513,1000,"1980-05-20",1980,5
"848","Richea continentis",146.2644,-37.8372,15,"1998-05-18",1998,5
"849","Richea continentis",146.2744,-37.8497,15,"1998-05-28",1998,5
"850","Richea continentis",147.2783,-36.8633,15,"1996-06-25",1996,6
"851","Richea continentis",147.2783,-36.8633,15,"1996-06-25",1996,6
"852","Richea continentis",148.281436543,-36.482525104,100,"2018-06-15",2018,6
"853","Richea continentis",148.427109222,-36.387969388,50,"2017-06-21",2017,6
"854","Richea continentis",148.7881,-35.5661,3000,"1961-06-10",1961,6
"855","Richea continentis",146.3113889,-37.8338889,1713,"2019-09-17",2019,9
"856","Richea continentis",148.27,-36.45,2000,"1924-09-01",1924,9
"857","Richea continentis",148.55,-35.65,NA,"1985-09-02",1985,9
"858","Richea continentis",148.267907494,-36.448454682,2000,"1924-09-01",1924,9
"859","Richea continentis",146.768,-36.712,10000,"1987-09-23",1987,9
"860","Richea continentis",147.968,-37.115,500,"1980-10-01",1980,10
"861","Richea continentis",146.0847,-37.7483,2000,"1980-10-01",1980,10
"862","Richea continentis",147.9097,-37.1233,15,"1977-10-01",1977,10
"863","Richea continentis",147.3472,-36.9327,500,"2008-10-24",2008,10
"864","Richea continentis",146.172,-37.769,15,"1978-10-01",1978,10
"865","Richea continentis",145.8777,-37.4819,500,"1980-10-01",1980,10
"866","Richea continentis",146.7013,-37.3152,500,"1980-10-01",1980,10
"867","Richea continentis",146.4463,-37.1491,500,"2006-10-03",2006,10
"868","Richea continentis",146.2833,-37.8155,15,"1981-10-01",1981,10
"869","Richea continentis",146.0847,-37.7816,2000,"1980-10-01",1980,10
"870","Richea continentis",149.568882877,-35.055699658,1000,"2007-10-25",2007,10
"871","Richea continentis",146.172,-37.769,15,"1978-10-01",1978,10
"872","Richea continentis",146.1599,-37.7558,15,"1978-10-01",1978,10
"873","Richea continentis",147.3369,-36.8575,15,"1980-10-01",1980,10
"874","Richea continentis",147.2513,-36.9816,500,"1980-10-01",1980,10
"875","Richea continentis",146.175,-37.752,15,"1978-10-01",1978,10
"876","Richea continentis",147.268,-36.765,500,"1980-10-01",1980,10
"877","Richea continentis",146.1847,-37.7816,2000,"1980-10-01",1980,10
"878","Richea continentis",147.301,-36.815,500,"1980-10-01",1980,10
"879","Richea continentis",148.1013,-36.9316,500,"1980-10-01",1980,10
"880","Richea continentis",147.251,-36.915,500,"1980-10-01",1980,10
"881","Richea continentis",146.1599,-37.7558,15,"1978-10-01",1978,10
"882","Richea continentis",147.3555,-36.8713,15,"1980-10-01",1980,10
"883","Richea continentis",147.118,-36.915,500,"1980-10-01",1980,10
"884","Richea continentis",147.9847,-37.0233,15,"1977-10-01",1977,10
"885","Richea continentis",147.15,-37.1,25000,"1882-10-23",1882,10
"886","Richea continentis",146.3205,-37.8361,15,"1981-10-01",1981,10
"887","Richea continentis",147.252,-36.843,15,"2004-10-19",2004,10
"888","Richea continentis",146.348,-37.864,15,"1981-10-01",1981,10
"889","Richea continentis",147.3638,-36.8788,15,"1980-10-01",1980,10
"890","Richea continentis",146.3344,-37.8738,15,"1982-10-01",1982,10
"891","Richea continentis",146.175,-37.752,15,"1978-10-01",1978,10
"892","Richea continentis",146.168,-37.665,10000,"1980-10-01",1980,10
"893","Richea continentis",147.385,-36.915,500,"1980-10-01",1980,10
"894","Richea continentis",146.4347,-37.1486,500,"1980-10-01",1980,10
"895","Richea continentis",146.2013,-37.7483,2000,"1980-10-01",1980,10
"896","Richea continentis",146.4847,-37.1319,500,"1980-10-01",1980,10
"897","Richea continentis",146.4897,-37.1166,15,"1995-11-23",1995,11
"898","Richea continentis",146.7444,-37.3766,15,"1980-11-01",1980,11
"899","Richea continentis",148.491388889,-36.051833332,100,"2003-11-27",2003,11
"900","Richea continentis",147.3286,-36.7547,15,"1980-11-01",1980,11
"901","Richea continentis",147.321,-36.878,15,"1980-11-01",1980,11
"902","Richea continentis",147.2686,-36.8705,15,"1980-11-01",1980,11
"903","Richea continentis",147.3213,-36.8686,15,"1980-11-01",1980,11
"904","Richea continentis",147.3425,-36.8636,15,"1980-11-01",1980,11
"905","Richea continentis",146.7388,-37.2677,15,"1980-11-01",1980,11
"906","Richea continentis",146.7513,-37.2858,15,"1980-11-01",1980,11
"907","Richea continentis",148.413886938,-36.404470988,100,"2012-11-14",2012,11
"908","Richea continentis",147.1263,-36.9788,15,"1979-11-01",1979,11
"909","Richea continentis",145.8667,-37.4667,10000,"1982-11-23",1982,11
"910","Richea continentis",147.393,-36.877,15,"1980-11-01",1980,11
"911","Richea continentis",148.505113549,-36.355084998,100,"2002-11-28",2002,11
"912","Richea continentis",146.7236,-37.3108,15,"1980-11-01",1980,11
"913","Richea continentis",147.1652,-36.9788,15,"1979-11-01",1979,11
"914","Richea continentis",146.4913,-37.1158,15,"1995-11-23",1995,11
"915","Richea continentis",147.3355,-36.9372,15,"1980-11-01",1980,11
"916","Richea continentis",147.25,-36.89,15,"1980-11-01",1980,11
"917","Richea continentis",146.5013,-37.1336,500,"1995-11-23",1995,11
"918","Richea continentis",146.5008,-37.1302,15,"1995-11-21",1995,11
"919","Richea continentis",148.367,-36.005,10,"2003-11-27",2003,11
"920","Richea continentis",147.2802,-36.8683,500,"2005-11-23",2005,11
"921","Richea continentis",148.7667,-35.5833,1000,"1994-11-24",1994,11
"922","Richea continentis",146.8486,-37.4797,15,"1980-11-01",1980,11
"923","Richea continentis",146.5011,-37.1297,15,"1995-11-21",1995,11
"924","Richea continentis",146.7347,-37.2983,1000,"1980-11-01",1980,11
"925","Richea continentis",147.3347,-36.8502,15,"1980-11-01",1980,11
"926","Richea continentis",147.1347,-36.9733,15,"1979-11-01",1979,11
"927","Richea continentis",146.8452,-37.4913,15,"1980-11-01",1980,11
"928","Richea continentis",146.75,-36.7667,10000,"1903-11-01",1903,11
"929","Richea continentis",146.7533,-37.3894,15,"1980-11-01",1980,11
"930","Richea continentis",146.8291,-37.5108,15,"1980-11-01",1980,11
"931","Richea continentis",148.274737208,-36.534721796,100,"2002-11-28",2002,11
"932","Richea continentis",148.75,-35.5333,10000,"1975-11-04",1975,11
"933","Richea continentis",146.7625,-37.4038,15,"1980-11-01",1980,11
"934","Richea continentis",148.2424063799,-36.4654005566,28534,"2019-11-23",2019,11
"935","Richea continentis",147.3347,-36.8252,15,"1980-11-01",1980,11
"936","Richea continentis",147.3119,-36.8586,15,"1980-11-01",1980,11
"937","Richea continentis",147.2875,-36.9038,15,"1980-11-01",1980,11
"938","Richea continentis",147.34,-36.94,15,"1980-11-01",1980,11
"939","Richea continentis",147.3944,-36.8725,15,"1980-11-01",1980,11
"940","Richea continentis",146.8347,-37.5158,15,"1980-11-01",1980,11
"941","Richea continentis",148.290619,-36.457578,NA,"2017-11-23",2017,11
"942","Richea continentis",147.3241,-36.8136,15,"1980-11-01",1980,11
"943","Richea continentis",147.2661,-36.8963,15,"1980-11-01",1980,11
"944","Richea continentis",147.317,-36.883,15,"1980-11-01",1980,11
"945","Richea continentis",147.2894,-36.8947,15,"1980-11-01",1980,11
"946","Richea continentis",147.2897,-36.9205,15,"1980-11-01",1980,11
"947","Richea continentis",146.84,-37.515,15,"1980-11-01",1980,11
"948","Richea continentis",147.1569,-36.9622,15,"1979-11-01",1979,11
"949","Richea continentis",147.2777,-36.8961,15,"1980-11-01",1980,11
"950","Richea continentis",146.448,-37.147,500,"2007-11-14",2007,11
"951","Richea continentis",146.7333,-36.7167,10000,"1987-11-17",1987,11
"952","Richea continentis",147.2505,-36.8955,15,"1980-11-01",1980,11
"953","Richea continentis",148.603611111,-35.871388888,10,"2002-11-21",2002,11
"954","Richea continentis",147.27,-36.89,15,"1980-11-01",1980,11
"955","Richea continentis",147.198,-36.858,15,"1980-11-01",1980,11
"956","Richea continentis",147.3083,-36.7352,15,"1980-11-01",1980,11
"957","Richea continentis",147.3083,-36.8213,15,"1980-11-01",1980,11
"958","Richea continentis",148.281624238,-36.545916068,100,"2002-11-28",2002,11
"959","Richea continentis",148.7667,-35.5667,1000,"1989-12-10",1989,12
"960","Richea continentis",146.336,-37.873,15,"1981-12-01",1981,12
"961","Richea continentis",148.352705621,-36.164910715,10,"2002-12-18",2002,12
"962","Richea continentis",148.355666667,-36.167805555,10,"2003-12-17",2003,12
"963","Richea continentis",146.3375,-37.8705,15,"1981-12-01",1981,12
"964","Richea continentis",146.786734432,-36.764025032,4,"2005-12-31",2005,12
"965","Richea continentis",148.37247,-36.32179,5,"2017-12-13",2017,12
"966","Richea continentis",148.7667,-35.5,1000,"1967-12-16",1967,12
"967","Richea continentis",146.305,-37.818,15,"1981-12-01",1981,12
"968","Richea continentis",148.37283,-36.32095,5,"2017-12-13",2017,12
"969","Richea continentis",146.8054,-36.7206,50,"1996-12-13",1996,12
"970","Richea continentis",145.8888,-37.4844,15,"1981-12-01",1981,12
"971","Richea continentis",147.3167,-36.8833,3000,"1964-12-31",1964,12
"972","Richea continentis",146.283333,-37.833333,1000,"1990-12-31",1990,12
"973","Richea continentis",146.3116,-37.8286,15,"1981-12-01",1981,12
"974","Richea continentis",147.2167,-36.9167,NA,"1922-12-01",1922,12
"975","Richea continentis",146.3205,-37.8361,15,"1981-12-01",1981,12
"976","Richea continentis",146.2277,-37.7719,15,"1981-12-01",1981,12
"977","Richea continentis",146.7642,-36.7358,100,"2010-12-01",2010,12
"978","Richea continentis",148.801204427,-35.6651191717,900,"1964-12-31",1964,12
"979","Richea continentis",146.2561,-37.8219,15,"1981-12-01",1981,12
"980","Richea continentis",146.2802,-37.8352,15,"1981-12-01",1981,12
"981","Richea continentis",146.3,-37.8,15,"1981-12-01",1981,12
"982","Richea continentis",146.3005,-37.8297,15,"1981-12-01",1981,12
"983","Richea continentis",146.4335,-37.1467,600,"2013-12-02",2013,12
"984","Richea continentis",146.1825,-37.7694,15,"1981-12-01",1981,12
"985","Richea continentis",148.37247,-36.32179,5,"2017-12-13",2017,12
"986","Richea continentis",148.37247,-36.32179,5,"2017-12-13",2017,12
"987","Richea continentis",146.2952,-37.8202,15,"1981-12-01",1981,12
"988","Richea continentis",148.37283,-36.32095,5,"2017-12-13",2017,12
"989","Richea continentis",146.3269,-37.8541,15,"1981-12-01",1981,12
"990","Richea continentis",146.3216,-37.8483,15,"1981-12-01",1981,12
"991","Richea continentis",146.305,-37.836,15,"1981-12-01",1981,12
"992","Richea continentis",147.13,-37.97,50,"1986-12-02",1986,12
"993","Richea continentis",147.2844,-36.8752,15,"2003-12-02",2003,12
"994","Richea continentis",146.268127416667,-37.8423538055556,NA,"2014-12-02",2014,12
"995","Richea continentis",146.2833,-37.8155,15,"1981-12-01",1981,12
"996","Richea continentis",145.8833,-37.4775,15,"1981-12-01",1981,12
"997","Richea continentis",147.1833,-37.15,10000,"1984-12-08",1984,12
"998","Richea continentis",148.337027778,-36.202638888,10,"2002-12-18",2002,12
"999","Richea continentis",146.2625,-37.8036,15,"1981-12-01",1981,12
"1000","Richea continentis",148.351741083,-36.111940653,10,"2002-12-18",2002,12
"1001","Richea continentis",148.2835694444,-36.4886166667,8,"2017-12-13",2017,12
"1002","Richea continentis",149.293173341,-36.977338666,1000,"1999-12-17",1999,12
"1003","Richea continentis",146.268127416667,-37.8423538055556,NA,"2014-12-01",2014,12
"1004","Richea continentis",146.2897,-37.8302,15,"1981-12-01",1981,12
"1005","Richea continentis",146.786,-36.771,50,"1996-12-15",1996,12
"1006","Richea continentis",146.2555,-37.7969,15,"1981-12-01",1981,12
"1007","Richea continentis",148.350663659,-36.16642123,10,"2002-12-18",2002,12
"1008","Richea continentis",148.37221,-36.32105,5,"2017-12-13",2017,12
"1009","Richea continentis",148.35,-36.4333,10000,"1962-12-01",1962,12
"1010","Richea continentis",148.32899094,-36.43105462,100,"2009-12-16",2009,12
"1011","Richea continentis",145.9667,-37.7167,10000,"1860-12-01",1860,12
"1012","Richea continentis",148.336388889,-36.204166666,10,"2002-12-18",2002,12
"1013","Richea continentis",146.3002,-37.8175,15,"1981-12-01",1981,12
"1014","Richea continentis",146.6513,-37.1819,500,"1972-12-28",1972,12
"1015","Richea continentis",145.8758,-37.4841,2000,"1993-12-10",1993,12
"1016","Richea continentis",147.3417,-36.8417,1500,"1964-12-30",1964,12
"1017","Richea continentis",148.350358487,-36.173907058,10,"2002-12-18",2002,12
"1018","Richea continentis",146.7642,-36.7358,100,"2010-12-01",2010,12
"1019","Richea continentis",146.288,-37.826,15,"1981-12-01",1981,12
"1020","Richea continentis",148.37283,-36.32095,5,"2017-12-13",2017,12
"1021","Richea continentis",146.3344,-37.8738,15,"1981-12-01",1981,12
"1022","Richea continentis",148.391436833,-36.159057572,10,"2003-12-18",2003,12
"1023","Richea continentis",146.5844478407,-42.6820388161,1000,"1974-12-06",1974,12
"1024","Richea continentis",148.535085925,-35.788740088,10,"2017-12-14",2017,12
"1025","Richea continentis",146.348,-37.864,15,"1981-12-01",1981,12
"1026","Richea continentis",147.2176909943,-36.9153348185,10000,"1934-12-01",1934,12
"1027","Richea continentis",147.3,-36.9167,3000,"1964-12-31",1964,12
"1028","Richea continentis",148.780972,-35.523806,NA,"2015-12-10",2015,12
"1029","Richea continentis",146.307,-37.838,15,"1981-12-01",1981,12
"1030","Richea continentis",148.48280187,-36.37513006,10,"2011-12-09",2011,12
"1031","Richea continentis",146.75,-36.7667,10000,"1903-12-01",1903,12
"1032","Richea continentis",148.48280187,-36.37513006,300,"2010-12-07",2010,12
"1033","Richea continentis",145.8725,-37.4783,2000,"1993-12-02",1993,12
"1034","Richea continentis",148.351741083,-36.111940653,10,"2003-12-17",2003,12
"1035","Richea continentis",148.37221,-36.32105,5,"2017-12-13",2017,12
"1036","Richea continentis",147.2667,-36.9167,10000,"1979-12-30",1979,12
"1037","Richea continentis",147.2847,-36.8752,15,"2003-12-02",2003,12
"1038","Richea continentis",147.2667,-36.9167,10000,"1944-12-01",1944,12
"1039","Richea continentis",146.2575,-37.8044,15,"1981-12-01",1981,12
"1040","Richea continentis",148.518411676,-36.050617393,10,"2002-12-19",2002,12
"1041","Richea continentis",148.319,-36.039,10,"2002-12-17",2002,12
"1042","Richea continentis",145.8736,-37.4775,15,"1981-12-01",1981,12
"1043","Richea continentis",146.768,-37.298,500,"1972-12-29",1972,12
"1044","Richea continentis",146.3138,-37.8436,15,"1981-12-01",1981,12
"1045","Richea continentis",146.3555,-37.8863,15,"1990-12-01",1990,12
"1046","Richea continentis",148.37221,-36.32105,5,"2017-12-13",2017,12
"1047","Richea continentis",148.3333,-36.4333,1000,"1972-12-10",1972,12
"1048","Richea continentis",148.344267965,-36.204644297,10,"2002-12-18",2002,12
"1049","Richea continentis",147.2726900133,-36.8939452991,30000,"1964-12-31",1964,12
"1050","Richea continentis",146.3391,-37.8719,15,"1981-12-01",1981,12
"1051","Richea continentis",146.2816,-37.8291,15,"1981-12-01",1981,12
"1052","Richea continentis",146.7642,-36.7358,100,"2010-12-01",2010,12
"1053","Richea continentis",145.88,-37.5,1000,"1994-12-30",1994,12
"1054","Richea continentis",146.2827,-37.8372,15,"1981-12-01",1981,12
"1055","Richea continentis",145.8791,-37.4761,15,"1981-12-01",1981,12
"1056","Richea continentis",146.2541,-37.8258,15,"1981-12-01",1981,12
"1057","Richea continentis",145.8667,-37.4833,3000,"1965-12-22",1965,12
"1058","Richea continentis",148.355861111,-36.16586111,10,"2002-12-18",2002,12
"1059","Richea continentis",147.2667,-36.8667,10000,"1958-12-29",1958,12
"1060","Richea continentis",146.75,-37.37,500,"1973-12-27",1973,12
"1061","Richea continentis",146.2667,-37.8167,25000,"1860-12-01",1860,12
"1062","Richea continentis",146.7642,-36.7358,100,"2010-12-01",2010,12
"1063","Richea continentis",145.87,-37.486668,NA,"2005-12-13",2005,12
"1064","Richea continentis",148.355666667,-36.167805555,10,"2002-12-18",2002,12
"1065","Richea continentis",147.1588,-37.1083,15,"1981-12-01",1981,12
"1066","Richea continentis",146.2938,-37.8219,15,"1981-12-01",1981,12
"1067","Richea continentis",147.1541,-37.1141,15,"1981-12-01",1981,12
"1068","Richea continentis",148.37247,-36.32179,5,"2017-12-13",2017,12
"1069","Richea continentis",146.2858,-37.8319,15,"1981-12-01",1981,12
"1070","Richea continentis",148.37247,-36.32179,5,"2017-12-13",2017,12
"1071","Richea continentis",146.3377,-37.8769,15,"1981-12-01",1981,12
"1072","Richea continentis",146.2744,-37.8394,15,"1981-12-01",1981,12
"1073","Richea continentis",148.325,-36.4306,1000,"1959-12-26",1959,12
"1074","Richea continentis",146.3044,-37.8408,15,"1981-12-01",1981,12
"1075","Richea continentis",145.884317,-37.4986,1000,"1994-12-30",1994,12
"1076","Richea continentis",148.491388889,-36.051833332,100,"2002-12-19",2002,12
"1077","Richea continentis",148.55,-35.6833,1000,"1977-12-09",1977,12
"1078","Richea continentis",146.1757,-37.7735,15,"1981-12-01",1981,12
"1079","Richea continentis",147.2833,-36.8917,25000,"1984-12-08",1984,12
"1080","Richea continentis",146.2681274167,-37.8423538056,NA,"2014-12-02",2014,12
"1081","Richea continentis",146.3397,-37.8633,15,"1981-12-01",1981,12
"1082","Richea continentis",145.8819,-37.4858,15,"1981-12-01",1981,12
"1083","Richea continentis",148.4833,-36.05,4000,"1967-12-19",1967,12
"1084","Richea continentis",148.400610588,-36.430326385,10,"2011-12-08",2011,12
"1085","Richea continentis",148.3333,-36.4333,1000,"1972-12-10",1972,12
"1086","Richea continentis",148.267907494,-36.448454682,2000,"1892-12-01",1892,12
"1087","Richea continentis",146.7862,-36.7709,50,"1996-12-15",1996,12
"1088","Richea continentis",146.2667,-37.8167,25000,"1904-12-01",1904,12
"1089","Richea continentis",148.3296203613,-36.4325294495,NA,"2019-12-10",2019,12
"1090","Richea continentis",148.2670268789,-36.4834101886,526,"2019-12-11",2019,12
"1091","Richea continentis",146.7642,-36.7358,100,"2010-12-01",2010,12
"1092","Richea continentis",148.367,-36.005,10,"2002-12-19",2002,12
"1093","Richea continentis",145.8736,-37.4725,15,"1993-12-10",1993,12
"1094","Richea continentis",146.343333,-37.876667,NA,"2005-12-14",2005,12
"1095","Richea continentis",148.27,-36.45,2000,"1892-12-01",1892,12
"1096","Richea continentis",146.7642,-36.7358,100,"2010-12-01",2010,12
"1097","Richea continentis",146.2711,-37.8266,15,"1981-12-01",1981,12
"1098","Richea continentis",148.2625,-36.4561,5000,"1930-12-20",1930,12
"1099","Richea continentis",148.352853913,-36.142335615,10,"2003-12-18",2003,12
"1100","Richea continentis",148.37283,-36.32095,5,"2017-12-13",2017,12
"1101","Richea continentis",148.602170541,-35.69584082,10,"2002-12-05",2002,12
"1102","Richea continentis",145.87,-37.486668,NA,"2005-12-13",2005,12
"1103","Richea continentis",148.2938079834,-36.4916114807,NA,"2019-12-11",2019,12
"1104","Richea continentis",146.7642,-36.7358,100,"2010-12-01",2010,12
"1105","Richea continentis",148.37247,-36.32179,5,"2017-12-13",2017,12
"1106","Richea continentis",146.1611,-37.7566,15,"1981-12-01",1981,12
"1107","Richea continentis",145.8708,-37.4805,2000,"1993-12-08",1993,12
"1108","Richea continentis",146.325,-37.857,15,"1981-12-01",1981,12
"1109","Richea continentis",145.9236,-37.4358,15,"1988-12-10",1988,12
"1110","Richea continentis",145.8875,-37.4802,15,"1981-12-01",1981,12
"1111","Richea continentis",146.2866,-37.8138,15,"1981-12-01",1981,12
"1112","Richea continentis",146.7768607334,-36.7470035015,10000,"1963-12-31",1963,12
"1113","Richea continentis",145.9232,-37.4376,15,"1988-12-10",1988,12
"1114","Euphrasia alsa",148.27,-36.42,10000,"1967-01-19",1967,1
"1115","Euphrasia alsa",148.267906954,-36.415121291,10000,"1951-01-20",1951,1
"1116","Euphrasia alsa",148.267906954,-36.415121291,10000,"1967-01-19",1967,1
"1117","Euphrasia alsa",148.351238638,-36.39845381,10000,"1964-01-22",1964,1
"1118","Euphrasia alsa",148.317906707,-36.44845423,10000,"1973-01-01",1973,1
"1119","Euphrasia alsa",148.35,-36.4,10000,"1964-01-22",1964,1
"1120","Euphrasia alsa",148.27295772,-36.42476949,10000,"1962-01-05",1962,1
"1121","Euphrasia alsa",148.2667,-36.45,10000,"",1855,1
"1122","Euphrasia alsa",148.267906954,-36.415121291,10000,"1962-01-05",1962,1
"1123","Euphrasia alsa",148.27,-36.42,10000,"1962-01-05",1962,1
"1124","Euphrasia alsa",148.296093685,-36.407392793,1000,"1967-01-19",1967,1
"1125","Euphrasia alsa",148.36517,-36.421713,10000,"1972-01-26",1972,1
"1126","Euphrasia alsa",148.3556,-36.4278,1000,"1972-01-26",1972,1
"1127","Euphrasia alsa",148.3485,-36.405,10000,"1972-01-26",1972,1
"1128","Euphrasia alsa",148.296093685,-36.407392793,1000,"1967-01-19",1967,1
"1129","Euphrasia alsa",148.351238638,-36.39845381,10000,"1970-01-22",1970,1
"1130","Euphrasia alsa",148.35,-36.4,10000,"1970-01-22",1970,1
"1131","Euphrasia alsa",148.27052318,-36.48068588,1000,"",NA,1
"1132","Euphrasia alsa",148.2917,-36.4167,2000,"1964-01-29",1964,1
"1133","Euphrasia alsa",148.2667,-36.4333,1000,"1991-01-21",1991,1
"1134","Euphrasia alsa",148.35,-36.4,1000,"1991-01-21",1991,1
"1135","Euphrasia alsa",148.291812751,-36.418256735,100,"1967-01-19",1967,1
"1136","Euphrasia alsa",148.27,-36.42,10000,"1951-01-20",1951,1
"1137","Euphrasia alsa",148.266666666667,-36.45,NA,"1954-01-31",1954,1
"1138","Euphrasia alsa",148.2667,-36.4333,1000,"1967-01-28",1967,1
"1139","Euphrasia alsa",148.278386301,-36.415696854,1000,"1951-01-20",1951,1
"1140","Euphrasia alsa",148.25,-36.42,1000,"1975-01-19",1975,1
"1141","Euphrasia alsa",148.32,-36.45,10000,"",1973,1
"1142","Euphrasia alsa",148.282948,-36.440325,10000,"1972-01-27",1972,1
"1143","Euphrasia alsa",148.2799,-36.4562,10000,"1972-01-27",1972,1
"1144","Euphrasia alsa",148.354511977,-36.431985168,100,"1964-01-22",1964,1
"1145","Euphrasia alsa",148.2667,-36.45,2000,"1972-01-27",1972,1
"1146","Euphrasia alsa",148.354511977,-36.431985168,100,"1970-01-22",1970,1
"1147","Euphrasia alsa",148.27,-36.45,10000,"",NA,NA
"1148","Euphrasia alsa",148.267907494,-36.448454682,10000,"1770-04-01",NA,NA
"1149","Euphrasia alsa",148.267906954,-36.415121291,10000,"1949-03-11",1949,3
"1150","Euphrasia alsa",148.251303404,-36.465564202,10000,"1949-03-11",1949,3
"1151","Euphrasia alsa",148.2667,-36.4333,1000,"1972-03-02",1972,3
"1152","Euphrasia alsa",148.267906954,-36.415121291,10000,"1969-03-23",1969,3
"1153","Euphrasia alsa",148.27,-36.42,10000,"1969-03-23",1969,3
"1154","Euphrasia alsa",148.2833,-36.4,2000,"1972-03-14",1972,3
"1155","Euphrasia alsa",148.275291469,-36.431054808,100,"1969-03-23",1969,3
"1156","Euphrasia alsa",148.27,-36.42,10000,"1949-03-11",1949,3
"1157","Euphrasia alsa",148.278386301,-36.415696854,1000,"1949-03-11",1949,3
"1158","Euphrasia alsa",148.267907494,-36.448454682,10000,"1949-03-01",1949,3
"1159","Euphrasia alsa",148.27,-36.45,10000,"",1949,3
"1160","Euphrasia alsa",148.27,-36.45,10000,"",1890,2
"1161","Euphrasia alsa",148.35,-36.35,10000,"1978-02-10",1978,2
"1162","Euphrasia alsa",148.37,-36.42,10000,"1914-02-16",1914,2
"1163","Euphrasia alsa",148.2667,-36.45,1000,"1980-02-19",1980,2
"1164","Euphrasia alsa",148.283333333333,-36.3833333333333,NA,"",1981,2
"1165","Euphrasia alsa",148.27731,-36.42425,10,"2004-02-10",2004,2
"1166","Euphrasia alsa",148.35,-36.4333,50,"1992-02-27",1992,2
"1167","Euphrasia alsa",148.251303404,-36.465564202,10000,"1890-02-11",1890,2
"1168","Euphrasia alsa",148.3,-36.3833,2000,"1970-02-20",1970,2
"1169","Euphrasia alsa",148.28274,-36.48653,5,"2017-02-14",2017,2
"1170","Euphrasia alsa",148.267906954,-36.415121291,1000,"1993-02-06",1993,2
"1171","Euphrasia alsa",148.358,-36.4347,50,"1992-02-27",1992,2
"1172","Euphrasia alsa",148.27,-36.45,1000,"1988-02-02",1988,2
"1173","Euphrasia alsa",148.2667,-36.4333,1000,"1967-02-17",1967,2
"1174","Euphrasia alsa",148.25,-36.45,10000,"1959-02-17",1959,2
"1175","Euphrasia alsa",148.2772,-36.4242,1000,"2004-02-10",2004,2
"1176","Euphrasia alsa",148.2833,-36.4,1000,"1970-02-21",1970,2
"1177","Euphrasia alsa",148.32,-36.45,10000,"1978-02-03",1978,2
"1178","Euphrasia alsa",148.267671,-36.415325,10000,"1993-02-06",1993,2
"1179","Euphrasia alsa",148.267907494,-36.448454682,10000,"1890-02-01",1890,2
"1180","Euphrasia alsa",148.3,-36.4,1000,"1968-02-07",1968,2
"1181","Euphrasia alsa",148.359572453,-36.433176011,50,"1992-02-27",1992,2
"1182","Euphrasia alsa",148.300190233,-36.452421217,1000,"1970-02-15",1970,2
"1183","Euphrasia alsa",148.367905367,-36.415120368,10000,"1914-02-16",1914,2
"1184","Euphrasia alsa",148.2667,-36.45,25000,"",1890,2
"1185","Euphrasia alsa",148.2667,-36.4333,1000,"1970-02-12",1970,2
"1186","Euphrasia alsa",148.2667,-36.4167,1000,"1993-02-06",1993,2
"1187","Euphrasia alsa",148.356,-36.42,1000,"1986-02-05",1986,2
"1188","Euphrasia alsa",148.2764,-36.4506,250,"2011-02-15",2011,2
"1189","Euphrasia alsa",148.2667,-36.4833,1000,"1985-02-15",1985,2
"1190","Euphrasia alsa",148.2667,-36.4167,1000,"1993-02-06",1993,2
"1191","Euphrasia alsa",148.317906707,-36.44845423,10000,"1978-02-03",1978,2
"1192","Euphrasia alsa",148.2667,-36.45,10000,"1959-02-17",1959,2
"1193","Euphrasia alsa",148.300190233,-36.452421217,1000,"1970-02-15",1970,2
"1194","Euphrasia alsa",148.275,-36.4583,1000,"1992-02-25",1992,2
"1195","Euphrasia alsa",148.2967,-36.4067,50,"2011-02-16",2011,2
"1196","Euphrasia alsa",148.284337,-36.415325,10000,"1957-02-05",1957,2
"1197","Euphrasia alsa",148.27,-36.42,1000,"1993-02-06",1993,2
"1198","Euphrasia alsa",148.351237847,-36.34845366,10000,"1978-02-10",1978,2
"1199","Euphrasia alsa",148.251303404,-36.465564202,10000,"1914-12-16",1914,12
